CHROM	POS	F1	F2	F3	M1	M2	M3
k141_7345028	1	0	0	0	0	0	0
k141_7345028	2	0	0	0	0	0	0
k141_7345028	3	0	0	0	0	0	0
k141_7345028	4	0	0	0	0	0	0
k141_7345028	5	0	0	0	0	0	0
k141_7345028	6	0	0	0	0	0	0
k141_7345028	7	0	0	0	0	0	0
k141_7345028	8	0	0	0	0	1	0
k141_7345028	9	0	0	0	0	1	0
k141_7345028	10	0	0	0	0	1	0
k141_7345028	11	0	0	0	3	2	4
k141_7345028	12	0	0	0	3	2	4
k141_7345028	13	0	0	0	3	2	4
k141_7345028	14	0	0	0	3	2	4
k141_7345028	15	0	0	0	3	2	4
k141_7345028	16	0	0	0	3	2	4
k141_7345028	17	0	0	0	3	2	4
k141_7345028	18	0	0	0	3	2	5
k141_7345028	19	0	0	0	3	2	5
k141_7345028	20	0	0	0	3	2	5
k141_7345028	21	0	0	0	3	2	5
k141_7345028	22	0	0	0	3	2	5
k141_7345028	23	0	0	0	4	4	5
k141_7345028	24	0	8	2	5	5	6
k141_7345028	25	0	8	2	5	7	6
k141_7345028	26	0	8	4	7	8	9
k141_7345028	27	0	8	4	7	8	9
k141_7345028	28	0	8	4	7	8	9
k141_7345028	29	0	10	4	7	8	9
k141_7345028	30	2	10	4	7	8	9
k141_7345028	31	2	10	4	7	8	9
k141_7345028	32	3	10	4	7	8	9
k141_7345028	33	3	10	4	7	9	10
k141_7345028	34	3	10	4	7	9	10
k141_7345028	35	3	10	4	9	9	10
k141_7345028	36	3	10	4	9	9	10
k141_7345028	37	3	10	4	9	9	10
k141_7345028	38	3	10	4	9	9	10
k141_7345028	39	3	10	4	9	9	10
k141_7345028	40	3	10	4	9	9	10
k141_7345028	41	3	10	4	9	9	10
k141_7345028	42	3	10	4	9	9	10
k141_7345028	43	3	10	4	9	9	10
k141_7345028	44	3	10	4	9	9	10
k141_7345028	45	3	10	4	9	9	10
k141_7345028	46	3	10	4	9	9	10
k141_7345028	47	3	10	4	9	9	10
k141_7345028	48	3	10	4	9	9	10
k141_7345028	49	3	10	4	9	9	10
k141_7345028	50	3	10	4	9	9	10
k141_7345028	51	3	10	4	9	9	10
k141_7345028	52	3	10	4	9	9	10
k141_7345028	53	3	10	4	10	9	10
k141_7345028	54	3	10	4	10	9	10
k141_7345028	55	3	10	4	10	9	10
k141_7345028	56	3	10	4	10	9	10
k141_7345028	57	3	10	4	10	9	10
k141_7345028	58	3	10	4	10	9	10
k141_7345028	59	3	10	4	10	9	10
k141_7345028	60	3	10	4	10	9	10
k141_7345028	61	3	10	4	10	9	10
k141_7345028	62	3	10	4	10	9	10
k141_7345028	63	3	10	4	10	9	10
k141_7345028	64	3	10	4	11	9	10
k141_7345028	65	3	10	4	11	9	10
k141_7345028	66	3	10	4	11	9	10
k141_7345028	67	3	10	4	11	9	10
k141_7345028	68	3	10	4	11	9	10
k141_7345028	69	3	10	4	11	9	10
k141_7345028	70	3	10	4	11	9	10
k141_7345028	71	3	10	4	11	9	10
k141_7345028	72	3	10	4	11	9	10
k141_7345028	73	3	10	4	11	9	10
k141_7345028	74	3	10	4	11	10	11
k141_7345028	75	3	10	4	11	10	11
k141_7345028	76	3	10	4	11	10	11
k141_7345028	77	3	10	4	11	9	11
k141_7345028	78	3	9	4	11	9	11
k141_7345028	79	3	9	4	11	9	11
k141_7345028	80	3	9	4	11	9	11
k141_7345028	81	3	9	4	11	9	11
k141_7345028	82	3	9	4	11	9	11
k141_7345028	83	3	9	4	11	9	11
k141_7345028	84	3	9	4	11	14	12
k141_7345028	85	3	9	4	11	13	12
k141_7345028	86	3	8	4	11	13	12
k141_7345028	87	3	8	4	11	13	12
k141_7345028	88	3	8	4	11	13	12
k141_7345028	89	3	8	4	11	13	12
k141_7345028	90	3	8	4	11	13	12
k141_7345028	91	0	6	2	8	10	9
k141_7345028	92	0	6	2	8	10	9
k141_7345028	93	0	2	0	7	10	8
k141_7345028	94	0	2	0	7	10	8
k141_7345028	95	0	2	0	7	13	9
k141_7345028	96	0	1	0	7	13	9
k141_7345028	97	0	1	0	8	13	9
k141_7345028	98	0	1	0	8	13	9
k141_7345028	99	0	0	0	8	14	8
k141_7345028	100	0	0	0	8	14	8
k141_7345028	101	0	0	0	8	14	8
k141_7345028	102	0	0	0	8	14	8
k141_7345028	103	0	0	0	9	14	8
k141_7345028	104	0	0	0	9	14	8
k141_7345028	105	0	0	0	9	14	8
k141_7345028	106	0	0	0	9	14	8
k141_7345028	107	0	0	0	9	14	7
k141_7345028	108	0	0	0	10	14	8
k141_7345028	109	0	0	0	10	14	8
k141_7345028	110	0	0	0	10	14	8
k141_7345028	111	0	0	0	10	14	8
k141_7345028	112	0	0	0	10	14	8
k141_7345028	113	0	0	0	11	16	8
k141_7345028	114	0	0	0	11	16	8
k141_7345028	115	0	0	0	11	16	8
k141_7345028	116	0	0	0	12	16	9
k141_7345028	117	0	0	0	12	16	9
k141_7345028	118	0	0	0	12	16	9
k141_7345028	119	0	0	0	12	16	9
k141_7345028	120	0	0	0	12	16	9
k141_7345028	121	0	0	0	12	16	9
k141_7345028	122	0	0	0	12	16	9
k141_7345028	123	0	0	0	13	16	9
k141_7345028	124	0	0	0	13	16	9
k141_7345028	125	0	0	0	14	16	9
k141_7345028	126	0	0	0	14	16	9
k141_7345028	127	0	0	0	15	17	9
k141_7345028	128	0	0	0	15	17	9
k141_7345028	129	0	0	0	15	17	9
k141_7345028	130	0	0	0	17	17	9
k141_7345028	131	0	0	0	17	17	9
k141_7345028	132	0	0	0	17	17	7
k141_7345028	133	0	0	0	17	17	7
k141_7345028	134	0	0	0	17	17	7
k141_7345028	135	0	0	0	17	17	7
k141_7345028	136	0	0	0	17	17	7
k141_7345028	137	0	0	0	16	17	7
k141_7345028	138	0	0	0	16	17	7
k141_7345028	139	0	0	0	16	16	7
k141_7345028	140	0	0	0	16	16	7
k141_7345028	141	0	0	0	15	16	8
k141_7345028	142	0	0	0	15	16	8
k141_7345028	143	0	0	0	15	16	8
k141_7345028	144	0	0	0	15	16	8
k141_7345028	145	0	0	0	15	16	8
k141_7345028	146	0	0	0	15	16	8
k141_7345028	147	0	0	0	15	16	8
k141_7345028	148	0	0	0	15	16	8
k141_7345028	149	0	0	0	14	16	8
k141_7345028	150	0	0	0	14	15	8
k141_7345028	151	0	0	0	14	15	8
k141_7345028	152	0	0	0	14	15	9
k141_7345028	153	0	0	0	14	16	9
k141_7345028	154	0	0	0	14	16	9
k141_7345028	155	0	0	0	14	16	9
k141_7345028	156	0	0	0	14	16	9
k141_7345028	157	0	0	0	15	16	9
k141_7345028	158	0	0	0	15	16	9
k141_7345028	159	0	0	0	15	16	9
k141_7345028	160	0	0	0	15	16	8
k141_7345028	161	0	0	0	15	16	8
k141_7345028	162	0	0	0	15	16	8
k141_7345028	163	0	0	0	15	16	8
k141_7345028	164	0	0	0	15	16	8
k141_7345028	165	0	0	0	14	14	8
k141_7345028	166	0	0	0	14	14	8
k141_7345028	167	0	0	0	14	14	8
k141_7345028	168	0	0	0	14	14	8
k141_7345028	169	0	0	0	14	14	8
k141_7345028	170	0	0	0	14	14	8
k141_7345028	171	0	0	0	14	14	8
k141_7345028	172	0	0	0	14	14	9
k141_7345028	173	0	0	0	14	14	9
k141_7345028	174	0	0	0	14	14	9
k141_7345028	175	0	0	0	14	14	8
k141_7345028	176	0	2	0	14	14	8
k141_7345028	177	0	2	0	13	14	8
k141_7345028	178	0	2	0	13	14	8
k141_7345028	179	0	2	0	13	14	9
k141_7345028	180	0	2	0	13	14	9
k141_7345028	181	0	2	0	13	14	9
k141_7345028	182	0	2	0	13	14	9
k141_7345028	183	0	2	0	13	14	9
k141_7345028	184	0	2	0	14	14	9
k141_7345028	185	0	2	0	14	14	9
k141_7345028	186	0	2	0	15	14	10
k141_7345028	187	0	2	0	15	14	10
k141_7345028	188	0	2	0	15	14	10
k141_7345028	189	0	2	0	15	14	13
k141_7345028	190	0	2	0	15	14	13
k141_7345028	191	0	2	0	16	14	13
k141_7345028	192	0	2	0	16	14	13
k141_7345028	193	0	2	0	16	14	13
k141_7345028	194	0	2	0	17	14	13
k141_7345028	195	0	0	0	17	14	13
k141_7345028	196	0	0	0	17	14	13
k141_7345028	197	0	0	0	17	15	13
k141_7345028	198	0	0	0	17	15	13
k141_7345028	199	0	0	0	17	15	13
k141_7345028	200	0	0	0	17	15	13
k141_7345028	201	0	0	0	17	15	13
k141_7345028	202	0	0	0	17	15	13
k141_7345028	203	0	0	0	17	16	13
k141_7345028	204	0	0	0	17	16	13
k141_7345028	205	0	0	0	17	16	13
k141_7345028	206	0	0	0	16	16	13
k141_7345028	207	0	0	0	17	16	13
k141_7345028	208	0	0	0	17	16	13
k141_7345028	209	0	0	0	17	16	13
k141_7345028	210	0	0	0	18	16	13
k141_7345028	211	0	0	0	18	16	13
k141_7345028	212	0	0	0	18	16	13
k141_7345028	213	0	0	0	18	16	13
k141_7345028	214	0	0	0	18	17	14
k141_7345028	215	0	0	0	18	17	14
k141_7345028	216	0	0	0	18	16	13
k141_7345028	217	0	0	0	18	16	14
k141_7345028	218	0	0	0	19	16	14
k141_7345028	219	0	0	0	19	16	14
k141_7345028	220	0	0	0	19	16	14
k141_7345028	221	0	0	0	19	16	14
k141_7345028	222	0	0	0	19	16	14
k141_7345028	223	0	0	0	21	16	14
k141_7345028	224	0	0	0	21	16	14
k141_7345028	225	0	0	0	21	16	14
k141_7345028	226	0	0	0	21	11	13
k141_7345028	227	0	0	0	21	11	13
k141_7345028	228	0	0	0	22	11	14
k141_7345028	229	0	0	0	22	11	14
k141_7345028	230	0	0	0	22	11	14
k141_7345028	231	0	0	0	22	11	14
k141_7345028	232	0	0	0	23	11	14
k141_7345028	233	0	0	0	26	12	16
k141_7345028	234	0	0	0	26	12	16
k141_7345028	235	0	0	0	26	12	16
k141_7345028	236	0	0	0	26	12	17
k141_7345028	237	0	0	0	27	9	16
k141_7345028	238	0	0	0	27	9	16
k141_7345028	239	0	0	0	26	9	16
k141_7345028	240	0	0	0	26	9	16
k141_7345028	241	0	0	0	27	8	16
k141_7345028	242	0	0	0	27	8	16
k141_7345028	243	0	0	0	27	9	18
k141_7345028	244	0	0	0	28	9	18
k141_7345028	245	0	0	0	27	9	17
k141_7345028	246	0	0	0	27	9	17
k141_7345028	247	0	0	0	27	9	17
k141_7345028	248	0	0	0	27	10	17
k141_7345028	249	0	0	0	27	10	17
k141_7345028	250	0	0	0	26	10	17
k141_7345028	251	0	0	0	26	10	17
k141_7345028	252	0	0	0	26	10	17
k141_7345028	253	0	0	0	27	10	18
k141_7345028	254	0	0	0	27	10	18
k141_7345028	255	0	0	0	26	8	18
k141_7345028	256	0	0	0	26	8	18
k141_7345028	257	0	0	0	27	8	18
k141_7345028	258	0	0	0	26	8	18
k141_7345028	259	0	0	0	26	8	18
k141_7345028	260	0	0	0	26	8	18
k141_7345028	261	0	0	0	26	8	18
k141_7345028	262	0	0	0	26	8	18
k141_7345028	263	0	0	0	26	8	18
k141_7345028	264	0	0	0	26	9	18
k141_7345028	265	0	0	0	25	9	18
k141_7345028	266	0	0	0	25	9	18
k141_7345028	267	0	0	0	24	9	18
k141_7345028	268	0	0	0	24	9	18
k141_7345028	269	0	0	0	23	8	18
k141_7345028	270	0	0	0	23	8	18
k141_7345028	271	0	0	0	24	8	18
k141_7345028	272	0	0	0	22	8	18
k141_7345028	273	0	0	0	22	8	18
k141_7345028	274	0	0	0	22	8	18
k141_7345028	275	0	0	0	22	8	18
k141_7345028	276	0	0	0	22	10	18
k141_7345028	277	0	0	0	22	10	18
k141_7345028	278	0	0	0	22	10	19
k141_7345028	279	0	0	0	22	11	20
k141_7345028	280	0	0	0	22	11	20
k141_7345028	281	0	0	0	22	11	20
k141_7345028	282	0	0	0	22	12	20
k141_7345028	283	0	0	0	22	12	19
k141_7345028	284	0	0	0	22	12	19
k141_7345028	285	0	0	0	22	12	19
k141_7345028	286	0	0	0	22	13	21
k141_7345028	287	0	0	0	22	13	21
k141_7345028	288	0	0	0	22	13	21
k141_7345028	289	0	0	0	22	13	21
k141_7345028	290	0	0	0	22	14	21
k141_7345028	291	0	0	0	22	14	21
k141_7345028	292	0	0	0	22	14	21
k141_7345028	293	0	0	0	22	14	21
k141_7345028	294	0	0	0	22	14	20
k141_7345028	295	0	0	0	22	13	20
k141_7345028	296	0	0	0	22	13	20
k141_7345028	297	0	0	0	22	13	20
k141_7345028	298	0	0	0	22	13	20
k141_7345028	299	0	0	0	21	13	20
k141_7345028	300	0	0	0	21	13	20
k141_7345028	301	0	0	0	21	13	20
k141_7345028	302	0	0	0	21	13	20
k141_7345028	303	0	0	0	21	13	20
k141_7345028	304	0	0	0	21	13	20
k141_7345028	305	0	0	0	21	13	20
k141_7345028	306	0	0	0	21	13	21
k141_7345028	307	0	0	0	21	13	21
k141_7345028	308	0	0	0	21	13	21
k141_7345028	309	0	0	0	21	13	21
k141_7345028	310	0	0	0	22	13	21
k141_7345028	311	0	0	0	22	13	21
k141_7345028	312	0	0	0	21	13	22
k141_7345028	313	0	0	0	21	13	23
k141_7345028	314	0	0	0	21	13	22
k141_7345028	315	0	0	0	21	13	22
k141_7345028	316	0	0	0	22	13	22
k141_7345028	317	0	0	0	22	13	22
k141_7345028	318	0	0	0	22	14	22
k141_7345028	319	0	0	0	22	14	22
k141_7345028	320	0	0	0	21	15	23
k141_7345028	321	0	0	0	22	15	23
k141_7345028	322	0	0	0	22	15	23
k141_7345028	323	0	0	0	22	15	23
k141_7345028	324	0	0	0	22	15	23
k141_7345028	325	0	0	0	22	15	23
k141_7345028	326	0	0	0	21	15	23
k141_7345028	327	0	0	0	21	15	23
k141_7345028	328	0	0	0	20	15	22
k141_7345028	329	0	0	0	20	15	22
k141_7345028	330	0	0	0	20	15	22
k141_7345028	331	0	0	0	20	15	19
k141_7345028	332	0	0	0	20	15	19
k141_7345028	333	0	0	0	19	15	19
k141_7345028	334	0	0	0	19	16	19
k141_7345028	335	0	0	0	19	16	19
k141_7345028	336	0	0	0	18	16	19
k141_7345028	337	0	0	0	17	16	19
k141_7345028	338	0	0	0	17	16	19
k141_7345028	339	0	0	0	17	15	19
k141_7345028	340	0	0	0	18	15	19
k141_7345028	341	0	0	0	18	15	19
k141_7345028	342	0	0	0	18	15	19
k141_7345028	343	0	0	0	18	15	19
k141_7345028	344	0	0	0	18	15	19
k141_7345028	345	0	0	0	18	14	19
k141_7345028	346	0	0	0	18	14	19
k141_7345028	347	0	0	0	18	14	19
k141_7345028	348	0	0	0	18	15	19
k141_7345028	349	0	0	0	17	15	19
k141_7345028	350	0	0	0	18	15	19
k141_7345028	351	0	0	0	18	15	19
k141_7345028	352	0	0	0	18	15	19
k141_7345028	353	0	0	0	18	15	19
k141_7345028	354	0	0	0	18	15	19
k141_7345028	355	0	0	0	18	15	19
k141_7345028	356	0	0	0	18	14	18
k141_7345028	357	0	0	0	18	14	18
k141_7345028	358	0	0	0	18	14	18
k141_7345028	359	0	0	0	18	14	17
k141_7345028	360	0	0	0	18	14	17
k141_7345028	361	0	0	0	18	14	17
k141_7345028	362	0	0	0	18	14	17
k141_7345028	363	0	0	0	18	14	17
k141_7345028	364	0	0	0	18	14	17
k141_7345028	365	0	0	0	16	13	17
k141_7345028	366	0	0	0	16	13	17
k141_7345028	367	0	0	0	16	13	17
k141_7345028	368	0	0	0	16	13	17
k141_7345028	369	0	0	0	16	13	17
k141_7345028	370	0	0	0	15	13	16
k141_7345028	371	0	0	0	15	13	16
k141_7345028	372	0	0	0	15	13	16
k141_7345028	373	0	0	0	15	12	16
k141_7345028	374	0	0	0	14	12	16
k141_7345028	375	0	0	0	11	11	14
k141_7345028	376	0	0	0	11	11	15
k141_7345028	377	0	0	0	11	11	15
k141_7345028	378	0	0	0	11	11	14
k141_7345028	379	0	0	0	10	11	15
k141_7345028	380	0	0	0	10	11	16
k141_7345028	381	0	0	0	10	11	16
k141_7345028	382	0	0	0	10	11	16
k141_7345028	383	0	0	0	10	11	16
k141_7345028	384	0	0	0	10	11	16
k141_7345028	385	0	0	0	10	10	14
k141_7345028	386	0	0	0	9	10	14
k141_7345028	387	0	0	0	9	10	14
k141_7345028	388	0	0	0	10	11	14
k141_7345028	389	0	0	0	10	11	14
k141_7345028	390	0	0	0	10	11	14
k141_7345028	391	0	0	0	10	11	14
k141_7345028	392	0	0	0	11	11	14
k141_7345028	393	0	0	0	11	11	15
k141_7345028	394	0	0	0	11	11	15
k141_7345028	395	0	0	0	11	11	13
k141_7345028	396	0	0	0	11	11	13
k141_7345028	397	0	0	0	11	11	15
k141_7345028	398	0	0	0	11	11	15
k141_7345028	399	0	0	0	10	11	15
k141_7345028	400	0	0	0	11	11	17
k141_7345028	401	0	0	0	11	11	17
k141_7345028	402	0	0	0	11	11	18
k141_7345028	403	0	0	0	11	11	17
k141_7345028	404	0	0	0	11	11	17
k141_7345028	405	0	0	0	11	11	17
k141_7345028	406	0	0	0	11	10	17
k141_7345028	407	0	0	0	11	10	17
k141_7345028	408	0	0	0	11	10	17
k141_7345028	409	0	0	0	11	10	18
k141_7345028	410	0	0	0	11	10	18
k141_7345028	411	0	0	0	11	10	18
k141_7345028	412	0	0	0	11	10	18
k141_7345028	413	0	0	0	10	10	18
k141_7345028	414	0	0	0	10	10	18
k141_7345028	415	0	0	0	11	10	18
k141_7345028	416	0	0	0	12	10	18
k141_7345028	417	0	0	0	12	10	18
k141_7345028	418	0	0	0	12	8	18
k141_7345028	419	0	0	0	12	8	18
k141_7345028	420	0	0	0	12	8	18
k141_7345028	421	0	0	0	12	7	17
k141_7345028	422	0	0	0	12	7	17
k141_7345028	423	0	0	0	13	7	17
k141_7345028	424	0	0	0	13	8	17
k141_7345028	425	0	0	0	13	8	17
k141_7345028	426	0	0	0	13	8	17
k141_7345028	427	0	0	0	13	8	17
k141_7345028	428	0	0	0	13	7	16
k141_7345028	429	0	0	0	13	7	16
k141_7345028	430	0	0	0	13	7	16
k141_7345028	431	0	0	0	13	7	16
k141_7345028	432	0	0	0	14	7	16
k141_7345028	433	0	0	0	14	7	16
k141_7345028	434	0	0	0	14	7	16
k141_7345028	435	0	0	0	14	7	15
k141_7345028	436	0	0	0	14	8	15
k141_7345028	437	0	0	0	14	13	16
k141_7345028	438	0	0	0	15	13	16
k141_7345028	439	0	0	0	16	13	16
k141_7345028	440	0	0	0	16	13	16
k141_7345028	441	0	0	0	16	13	16
k141_7345028	442	0	0	0	16	14	17
k141_7345028	443	0	0	0	16	14	16
k141_7345028	444	0	0	0	16	14	16
k141_7345028	445	0	0	0	16	14	16
k141_7345028	446	0	0	0	16	18	17
k141_7345028	447	0	0	0	16	18	17
k141_7345028	448	0	0	0	16	18	15
k141_7345028	449	0	0	0	16	18	15
k141_7345028	450	0	0	0	16	18	15
k141_7345028	451	0	0	0	16	18	15
k141_7345028	452	0	0	0	16	18	15
k141_7345028	453	0	0	0	16	18	15
k141_7345028	454	0	0	0	16	18	15
k141_7345028	455	0	0	0	16	18	15
k141_7345028	456	0	0	0	16	18	14
k141_7345028	457	0	0	0	16	18	14
k141_7345028	458	0	0	0	15	18	14
k141_7345028	459	0	0	0	15	18	14
k141_7345028	460	0	0	0	18	18	15
k141_7345028	461	0	0	0	18	18	15
k141_7345028	462	0	0	0	18	17	15
k141_7345028	463	0	0	0	17	17	15
k141_7345028	464	0	0	0	17	17	15
k141_7345028	465	0	0	0	17	17	15
k141_7345028	466	0	0	0	17	17	15
k141_7345028	467	0	0	0	17	18	15
k141_7345028	468	0	0	0	17	18	15
k141_7345028	469	0	0	0	17	18	15
k141_7345028	470	0	0	0	17	18	15
k141_7345028	471	0	0	0	17	18	15
k141_7345028	472	0	0	0	17	18	15
k141_7345028	473	0	0	0	17	18	15
k141_7345028	474	0	0	0	17	18	17
k141_7345028	475	0	0	0	17	18	17
k141_7345028	476	0	0	0	17	17	17
k141_7345028	477	0	0	0	17	17	17
k141_7345028	478	0	0	0	17	17	17
k141_7345028	479	0	0	0	17	17	17
k141_7345028	480	0	0	0	17	17	17
k141_7345028	481	0	0	0	17	17	17
k141_7345028	482	0	0	0	16	17	17
k141_7345028	483	2	0	0	16	17	17
k141_7345028	484	2	0	0	16	18	17
k141_7345028	485	2	0	0	16	18	17
k141_7345028	486	2	0	0	16	18	18
k141_7345028	487	2	0	0	16	18	18
k141_7345028	488	2	0	0	16	18	18
k141_7345028	489	2	0	0	16	18	18
k141_7345028	490	2	0	0	16	17	18
k141_7345028	491	2	0	0	16	17	18
k141_7345028	492	2	0	0	15	17	18
k141_7345028	493	2	0	0	15	17	18
k141_7345028	494	2	0	0	15	17	18
k141_7345028	495	2	0	0	15	17	18
k141_7345028	496	2	0	0	15	17	18
k141_7345028	497	2	0	0	16	17	18
k141_7345028	498	2	0	0	16	17	18
k141_7345028	499	2	0	0	16	18	18
k141_7345028	500	2	0	0	16	18	18
k141_7345028	501	2	0	0	16	18	18
k141_7345028	502	0	0	0	16	18	18
k141_7345028	503	0	0	0	16	19	18
k141_7345028	504	0	0	0	16	19	18
k141_7345028	505	0	0	0	16	19	18
k141_7345028	506	0	0	0	16	19	18
k141_7345028	507	0	0	0	16	19	18
k141_7345028	508	0	0	0	16	19	18
k141_7345028	509	0	0	0	16	19	18
k141_7345028	510	0	0	0	16	19	18
k141_7345028	511	0	0	0	16	20	19
k141_7345028	512	0	0	0	16	20	19
k141_7345028	513	0	0	0	16	20	19
k141_7345028	514	0	0	0	16	20	19
k141_7345028	515	0	0	0	15	20	19
k141_7345028	516	0	0	0	15	20	19
k141_7345028	517	0	0	0	15	20	19
k141_7345028	518	0	0	0	15	20	18
k141_7345028	519	0	0	0	15	20	18
k141_7345028	520	0	0	0	15	20	18
k141_7345028	521	0	0	0	15	20	16
k141_7345028	522	0	0	0	15	20	15
k141_7345028	523	0	0	0	14	20	15
k141_7345028	524	0	0	0	14	21	15
k141_7345028	525	0	0	0	13	21	15
k141_7345028	526	0	0	0	13	21	17
k141_7345028	527	0	0	0	13	21	17
k141_7345028	528	0	0	0	14	21	17
k141_7345028	529	0	0	0	14	21	17
k141_7345028	530	0	0	0	13	20	17
k141_7345028	531	0	0	0	13	20	17
k141_7345028	532	0	0	0	14	20	18
k141_7345028	533	0	0	0	15	20	18
k141_7345028	534	0	0	0	14	20	19
k141_7345028	535	0	0	0	14	20	18
k141_7345028	536	0	0	0	14	20	18
k141_7345028	537	0	0	0	13	20	18
k141_7345028	538	0	0	0	13	20	18
k141_7345028	539	0	0	0	13	20	16
k141_7345028	540	0	0	0	13	20	16
k141_7345028	541	0	0	0	13	21	16
k141_7345028	542	0	0	0	13	21	14
k141_7345028	543	0	0	0	13	21	14
k141_7345028	544	0	0	0	13	21	13
k141_7345028	545	0	0	0	14	21	13
k141_7345028	546	0	0	0	14	21	13
k141_7345028	547	0	0	0	14	21	13
k141_7345028	548	0	0	0	14	21	13
k141_7345028	549	0	0	0	14	21	14
k141_7345028	550	0	0	0	16	21	14
k141_7345028	551	0	0	0	16	21	13
k141_7345028	552	0	0	0	16	21	13
k141_7345028	553	0	0	0	16	21	13
k141_7345028	554	0	0	0	16	21	13
k141_7345028	555	0	0	0	16	21	13
k141_7345028	556	0	0	0	16	21	13
k141_7345028	557	0	0	0	16	21	13
k141_7345028	558	0	0	0	15	21	13
k141_7345028	559	0	0	0	15	21	13
k141_7345028	560	0	0	0	15	21	13
k141_7345028	561	0	0	0	15	21	13
k141_7345028	562	0	0	0	15	21	13
k141_7345028	563	0	0	0	15	21	13
k141_7345028	564	0	0	0	15	21	13
k141_7345028	565	0	0	0	15	21	13
k141_7345028	566	0	0	0	15	20	13
k141_7345028	567	0	0	0	15	20	13
k141_7345028	568	0	0	0	15	20	13
k141_7345028	569	0	0	0	15	20	13
k141_7345028	570	0	0	0	15	20	13
k141_7345028	571	0	0	0	15	20	13
k141_7345028	572	0	0	0	16	20	13
k141_7345028	573	0	0	0	16	20	13
k141_7345028	574	0	0	0	15	20	13
k141_7345028	575	0	0	0	15	20	13
k141_7345028	576	0	0	0	16	20	13
k141_7345028	577	0	0	0	16	20	13
k141_7345028	578	0	0	0	16	19	13
k141_7345028	579	0	0	0	15	14	12
k141_7345028	580	0	0	0	14	14	12
k141_7345028	581	0	0	0	13	14	13
k141_7345028	582	0	0	0	13	14	13
k141_7345028	583	0	0	0	14	14	13
k141_7345028	584	0	0	0	14	13	12
k141_7345028	585	0	0	0	14	14	12
k141_7345028	586	0	0	0	17	14	15
k141_7345028	587	0	0	0	16	15	15
k141_7345028	588	0	0	0	17	11	16
k141_7345028	589	0	0	0	17	11	16
k141_7345028	590	0	0	0	18	13	16
k141_7345028	591	0	0	0	18	13	16
k141_7345028	592	0	0	0	18	13	16
k141_7345028	593	0	0	0	18	13	16
k141_7345028	594	0	0	0	18	13	16
k141_7345028	595	0	0	0	18	15	18
k141_7345028	596	0	0	0	18	15	18
k141_7345028	597	0	0	0	18	15	18
k141_7345028	598	0	0	0	18	15	18
k141_7345028	599	0	0	0	18	15	18
k141_7345028	600	0	0	0	18	15	18
k141_7345028	601	0	0	0	18	15	18
k141_7345028	602	0	0	0	16	14	17
k141_7345028	603	0	0	0	16	14	17
k141_7345028	604	0	0	0	16	14	17
k141_7345028	605	0	0	0	16	14	17
k141_7345028	606	0	0	0	16	14	17
k141_7345028	607	0	0	0	16	14	17
k141_7345028	608	0	0	0	16	14	17
k141_7345028	609	0	0	0	16	13	17
k141_7345028	610	0	0	0	16	13	17
k141_7345028	611	0	0	0	16	13	17
k141_7345028	612	0	0	0	16	13	17
k141_7345028	613	0	0	0	16	13	17
k141_7345028	614	0	0	0	16	13	17
k141_7345028	615	0	0	0	16	13	17
k141_7345028	616	0	0	0	16	13	15
k141_7345028	617	0	0	0	16	13	15
k141_7345028	618	0	0	0	16	13	15
k141_7345028	619	0	0	0	16	13	15
k141_7345028	620	0	0	0	16	13	15
k141_7345028	621	0	0	0	16	13	16
k141_7345028	622	0	0	0	16	13	16
k141_7345028	623	0	0	0	16	13	16
k141_7345028	624	0	0	0	16	13	16
k141_7345028	625	0	0	0	16	13	16
k141_7345028	626	0	0	0	16	12	16
k141_7345028	627	0	0	0	16	12	16
k141_7345028	628	0	0	0	16	11	15
k141_7345028	629	0	0	0	16	11	15
k141_7345028	630	0	0	0	16	11	15
k141_7345028	631	0	0	0	16	11	15
k141_7345028	632	0	0	0	16	11	15
k141_7345028	633	0	0	0	16	12	15
k141_7345028	634	0	0	0	16	12	15
k141_7345028	635	0	0	0	17	13	15
k141_7345028	636	0	0	0	17	12	15
k141_7345028	637	0	0	0	17	12	15
k141_7345028	638	0	0	0	17	12	15
k141_7345028	639	0	0	0	17	12	15
k141_7345028	640	0	0	0	17	12	15
k141_7345028	641	0	0	0	17	11	15
k141_7345028	642	0	0	0	17	11	15
k141_7345028	643	0	0	0	17	11	15
k141_7345028	644	0	0	0	17	11	15
k141_7345028	645	0	0	0	17	11	16
k141_7345028	646	0	0	0	17	11	16
k141_7345028	647	0	0	0	17	11	16
k141_7345028	648	0	0	0	17	11	16
k141_7345028	649	0	0	0	17	11	16
k141_7345028	650	0	0	0	17	11	18
k141_7345028	651	0	0	0	17	11	18
k141_7345028	652	0	0	0	17	11	18
k141_7345028	653	0	0	0	17	11	17
k141_7345028	654	0	0	0	17	11	17
k141_7345028	655	0	0	0	17	11	17
k141_7345028	656	0	0	0	17	11	17
k141_7345028	657	0	0	0	17	11	17
k141_7345028	658	0	0	0	17	11	17
k141_7345028	659	0	0	0	17	11	17
k141_7345028	660	0	0	0	18	11	17
k141_7345028	661	0	0	0	19	11	19
k141_7345028	662	0	0	0	19	11	19
k141_7345028	663	0	0	0	19	11	19
k141_7345028	664	0	0	0	19	11	19
k141_7345028	665	0	0	0	19	11	20
k141_7345028	666	0	0	0	19	10	20
k141_7345028	667	0	0	0	19	10	22
k141_7345028	668	0	0	0	18	10	21
k141_7345028	669	0	0	0	18	10	21
k141_7345028	670	0	0	0	17	10	22
k141_7345028	671	0	0	0	17	10	23
k141_7345028	672	0	0	0	17	10	23
k141_7345028	673	0	0	0	17	10	24
k141_7345028	674	0	0	0	16	9	23
k141_7345028	675	0	0	0	15	9	26
k141_7345028	676	0	0	0	14	9	25
k141_7345028	677	0	0	0	13	10	25
k141_7345028	678	0	0	0	13	10	25
k141_7345028	679	0	0	0	13	10	25
k141_7345028	680	0	0	0	13	10	26
k141_7345028	681	0	0	0	13	10	26
k141_7345028	682	0	0	0	13	10	27
k141_7345028	683	0	0	0	13	9	27
k141_7345028	684	0	0	0	13	10	27
k141_7345028	685	0	0	0	13	11	27
k141_7345028	686	0	0	0	13	11	27
k141_7345028	687	0	0	0	12	11	27
k141_7345028	688	0	0	0	13	11	27
k141_7345028	689	0	0	0	13	11	27
k141_7345028	690	0	0	0	13	11	27
k141_7345028	691	0	0	0	13	11	26
k141_7345028	692	0	0	0	13	12	26
k141_7345028	693	0	0	0	13	12	26
k141_7345028	694	0	0	0	13	12	26
k141_7345028	695	0	0	0	13	12	26
k141_7345028	696	2	0	0	13	12	28
k141_7345028	697	2	0	0	13	12	28
k141_7345028	698	2	0	0	13	12	28
k141_7345028	699	2	0	0	13	12	28
k141_7345028	700	2	0	0	13	12	28
k141_7345028	701	2	0	0	14	12	28
k141_7345028	702	2	0	0	14	12	28
k141_7345028	703	2	0	0	14	12	28
k141_7345028	704	2	0	0	14	12	28
k141_7345028	705	2	0	0	14	12	28
k141_7345028	706	2	0	0	14	12	28
k141_7345028	707	2	0	0	14	12	28
k141_7345028	708	2	0	0	14	12	28
k141_7345028	709	2	0	0	14	12	28
k141_7345028	710	2	0	0	14	12	28
k141_7345028	711	2	0	0	14	14	28
k141_7345028	712	2	0	0	14	14	29
k141_7345028	713	2	0	0	14	14	29
k141_7345028	714	2	0	0	13	14	29
k141_7345028	715	2	0	0	13	14	29
k141_7345028	716	2	0	0	13	14	29
k141_7345028	717	0	0	0	13	14	29
k141_7345028	718	0	0	0	13	14	29
k141_7345028	719	0	0	0	13	14	29
k141_7345028	720	0	0	0	13	14	29
k141_7345028	721	0	0	0	13	14	29
k141_7345028	722	0	0	0	13	14	29
k141_7345028	723	0	0	0	13	14	28
k141_7345028	724	0	0	0	13	14	28
k141_7345028	725	0	0	0	12	14	28
k141_7345028	726	0	0	0	12	14	28
k141_7345028	727	0	0	0	13	13	28
k141_7345028	728	0	0	0	10	13	25
k141_7345028	729	0	0	0	10	13	25
k141_7345028	730	0	0	0	9	13	23
k141_7345028	731	0	0	0	9	13	23
k141_7345028	732	0	0	2	8	11	23
k141_7345028	733	0	0	2	8	11	23
k141_7345028	734	0	0	2	8	11	23
k141_7345028	735	0	0	2	8	11	23
k141_7345028	736	0	0	2	8	11	23
k141_7345028	737	0	0	2	8	9	20
k141_7345028	738	0	0	2	8	9	20
k141_7345028	739	0	0	2	8	10	20
k141_7345028	740	0	0	2	8	10	20
k141_7345028	741	0	0	2	8	10	20
k141_7345028	742	0	0	2	8	10	20
k141_7345028	743	0	0	2	8	10	20
k141_7345028	744	0	0	2	8	10	20
k141_7345028	745	0	0	2	8	10	20
k141_7345028	746	0	0	2	8	10	20
k141_7345028	747	0	0	2	8	10	20
k141_7345028	748	0	0	2	8	10	20
k141_7345028	749	0	0	2	8	10	20
k141_7345028	750	0	0	2	8	10	20
k141_7345028	751	0	0	0	8	10	20
k141_7345028	752	0	0	0	8	10	20
k141_7345028	753	0	0	0	8	10	20
k141_7345028	754	0	0	0	8	11	20
k141_7345028	755	0	0	0	8	11	20
k141_7345028	756	0	0	0	8	12	20
k141_7345028	757	0	0	0	8	12	20
k141_7345028	758	0	0	0	8	12	20
k141_7345028	759	0	0	0	8	12	20
k141_7345028	760	0	0	0	8	12	20
k141_7345028	761	0	0	0	8	12	20
k141_7345028	762	0	0	0	8	12	20
k141_7345028	763	0	0	0	8	12	19
k141_7345028	764	0	0	0	9	12	19
k141_7345028	765	0	0	0	9	12	19
k141_7345028	766	0	0	0	9	12	19
k141_7345028	767	0	0	0	9	12	19
k141_7345028	768	0	0	0	9	12	19
k141_7345028	769	0	0	0	9	11	19
k141_7345028	770	0	0	0	9	11	19
k141_7345028	771	0	0	0	9	12	19
k141_7345028	772	0	0	0	9	12	19
k141_7345028	773	0	0	0	9	12	19
k141_7345028	774	0	0	0	9	14	19
k141_7345028	775	0	0	0	9	13	19
k141_7345028	776	0	0	0	11	14	19
k141_7345028	777	0	0	0	10	12	19
k141_7345028	778	2	0	0	10	12	19
k141_7345028	779	2	0	0	10	12	19
k141_7345028	780	2	0	0	10	12	19
k141_7345028	781	2	0	0	9	12	17
k141_7345028	782	2	0	0	9	12	17
k141_7345028	783	2	0	0	9	12	17
k141_7345028	784	2	0	0	9	12	17
k141_7345028	785	2	0	0	9	12	17
k141_7345028	786	2	0	0	9	12	18
k141_7345028	787	2	0	0	9	13	17
k141_7345028	788	2	0	0	9	13	17
k141_7345028	789	2	0	0	9	13	15
k141_7345028	790	2	0	0	9	13	16
k141_7345028	791	2	0	0	9	13	16
k141_7345028	792	2	0	0	9	13	14
k141_7345028	793	2	0	0	9	13	14
k141_7345028	794	2	0	0	9	13	14
k141_7345028	795	2	0	0	9	13	14
k141_7345028	796	2	0	0	9	13	14
k141_7345028	797	0	0	0	10	13	14
k141_7345028	798	0	0	0	10	13	14
k141_7345028	799	0	0	0	10	13	14
k141_7345028	800	0	0	0	10	12	14
k141_7345028	801	0	0	0	10	12	14
k141_7345028	802	0	0	0	9	13	14
k141_7345028	803	0	0	0	8	13	12
k141_7345028	804	0	0	0	8	13	12
k141_7345028	805	0	0	0	8	13	12
k141_7345028	806	0	0	0	8	13	12
k141_7345028	807	0	0	0	8	13	12
k141_7345028	808	0	0	0	8	12	12
k141_7345028	809	0	0	0	8	13	12
k141_7345028	810	0	0	0	8	13	11
k141_7345028	811	0	0	0	8	13	13
k141_7345028	812	0	0	0	8	13	12
k141_7345028	813	0	0	0	8	14	11
k141_7345028	814	0	0	0	8	14	11
k141_7345028	815	0	0	0	8	14	11
k141_7345028	816	0	0	0	8	14	11
k141_7345028	817	0	0	0	8	15	10
k141_7345028	818	0	0	0	8	15	10
k141_7345028	819	0	0	0	8	15	10
k141_7345028	820	0	0	0	9	15	10
k141_7345028	821	0	0	0	9	15	10
k141_7345028	822	0	0	0	9	15	9
k141_7345028	823	0	0	0	9	15	9
k141_7345028	824	0	0	0	9	15	8
k141_7345028	825	0	0	0	9	15	8
k141_7345028	826	0	0	0	9	15	8
k141_7345028	827	0	0	0	9	15	8
k141_7345028	828	0	0	0	9	15	8
k141_7345028	829	0	0	0	9	15	8
k141_7345028	830	0	0	0	8	15	8
k141_7345028	831	0	0	0	8	15	8
k141_7345028	832	0	0	0	8	15	8
k141_7345028	833	0	0	0	9	15	8
k141_7345028	834	0	0	0	9	15	8
k141_7345028	835	0	0	0	9	15	8
k141_7345028	836	0	0	0	9	15	8
k141_7345028	837	0	0	0	9	15	9
k141_7345028	838	0	0	0	9	16	7
k141_7345028	839	0	0	0	9	16	7
k141_7345028	840	0	0	0	9	16	7
k141_7345028	841	0	0	0	9	16	7
k141_7345028	842	0	0	0	9	16	7
k141_7345028	843	0	0	0	8	16	8
k141_7345028	844	0	0	0	8	16	8
k141_7345028	845	0	0	0	8	16	8
k141_7345028	846	0	0	0	8	16	9
k141_7345028	847	0	0	0	8	16	9
k141_7345028	848	0	0	0	9	16	9
k141_7345028	849	0	0	0	9	16	9
k141_7345028	850	0	0	0	9	16	10
k141_7345028	851	0	0	0	9	16	10
k141_7345028	852	0	0	0	9	16	10
k141_7345028	853	0	0	0	9	14	11
k141_7345028	854	0	0	0	9	14	10
k141_7345028	855	0	0	0	9	14	10
k141_7345028	856	0	0	0	9	14	10
k141_7345028	857	0	0	0	9	14	10
k141_7345028	858	0	0	0	9	14	10
k141_7345028	859	0	0	0	9	14	10
k141_7345028	860	0	0	0	8	14	11
k141_7345028	861	0	2	0	8	14	11
k141_7345028	862	0	2	0	8	14	11
k141_7345028	863	0	2	0	8	14	11
k141_7345028	864	0	2	0	8	14	11
k141_7345028	865	0	2	0	9	14	12
k141_7345028	866	0	2	0	9	14	12
k141_7345028	867	0	2	0	9	15	13
k141_7345028	868	0	2	0	9	15	13
k141_7345028	869	0	2	0	8	15	13
k141_7345028	870	0	2	0	8	15	13
k141_7345028	871	0	2	0	8	14	12
k141_7345028	872	0	2	0	8	14	13
k141_7345028	873	0	2	0	8	14	13
k141_7345028	874	0	2	0	9	14	13
k141_7345028	875	0	2	0	10	15	14
k141_7345028	876	0	2	0	10	15	14
k141_7345028	877	0	2	0	10	16	15
k141_7345028	878	0	2	0	11	16	15
k141_7345028	879	0	2	0	11	16	15
k141_7345028	880	0	0	0	13	16	15
k141_7345028	881	0	0	0	13	15	15
k141_7345028	882	0	0	0	13	15	15
k141_7345028	883	0	0	0	13	15	15
k141_7345028	884	0	0	0	13	15	16
k141_7345028	885	0	0	0	13	16	16
k141_7345028	886	0	0	0	13	16	16
k141_7345028	887	0	0	0	13	16	16
k141_7345028	888	0	0	0	13	16	16
k141_7345028	889	0	0	0	13	16	16
k141_7345028	890	0	0	0	13	16	16
k141_7345028	891	0	0	0	13	16	16
k141_7345028	892	0	0	0	13	16	17
k141_7345028	893	0	0	0	13	17	17
k141_7345028	894	0	0	0	13	17	17
k141_7345028	895	0	0	0	13	17	17
k141_7345028	896	0	0	0	13	16	17
k141_7345028	897	0	0	0	13	16	17
k141_7345028	898	0	0	0	13	15	17
k141_7345028	899	0	0	0	11	15	17
k141_7345028	900	0	0	0	11	15	17
k141_7345028	901	0	0	0	11	15	17
k141_7345028	902	0	0	0	11	16	17
k141_7345028	903	0	0	0	11	16	17
k141_7345028	904	0	0	0	11	16	17
k141_7345028	905	0	0	0	11	16	17
k141_7345028	906	0	0	0	10	16	17
k141_7345028	907	0	0	0	10	16	17
k141_7345028	908	0	0	0	10	16	18
k141_7345028	909	0	0	0	10	16	18
k141_7345028	910	0	0	0	10	16	18
k141_7345028	911	0	0	0	10	16	18
k141_7345028	912	0	0	0	10	16	18
k141_7345028	913	0	0	0	10	15	18
k141_7345028	914	0	0	0	10	15	18
k141_7345028	915	0	0	0	10	15	19
k141_7345028	916	0	0	0	10	13	19
k141_7345028	917	0	0	0	10	13	19
k141_7345028	918	0	0	0	8	12	19
k141_7345028	919	0	0	0	8	12	19
k141_7345028	920	0	0	0	8	13	19
k141_7345028	921	0	0	0	8	13	19
k141_7345028	922	0	0	0	8	13	19
k141_7345028	923	0	0	0	8	13	20
k141_7345028	924	0	0	0	8	13	20
k141_7345028	925	0	0	0	9	13	21
k141_7345028	926	0	0	0	9	13	21
k141_7345028	927	0	0	0	9	13	22
k141_7345028	928	0	0	0	9	14	21
k141_7345028	929	0	0	0	9	13	21
k141_7345028	930	0	0	0	11	13	21
k141_7345028	931	0	0	0	11	13	21
k141_7345028	932	0	0	0	11	13	20
k141_7345028	933	0	0	0	11	13	20
k141_7345028	934	0	0	0	11	13	20
k141_7345028	935	0	0	0	11	13	21
k141_7345028	936	0	0	0	11	13	21
k141_7345028	937	0	0	0	11	13	21
k141_7345028	938	0	0	0	11	13	21
k141_7345028	939	0	0	0	10	13	22
k141_7345028	940	0	0	0	10	13	22
k141_7345028	941	0	0	0	10	13	22
k141_7345028	942	0	0	0	10	13	22
k141_7345028	943	0	0	0	10	13	22
k141_7345028	944	0	0	0	10	12	22
k141_7345028	945	0	0	0	10	13	22
k141_7345028	946	0	0	0	10	13	22
k141_7345028	947	0	0	0	10	13	22
k141_7345028	948	0	0	0	10	13	22
k141_7345028	949	0	0	0	10	13	22
k141_7345028	950	0	0	0	10	13	22
k141_7345028	951	0	0	0	10	12	22
k141_7345028	952	0	0	0	10	12	22
k141_7345028	953	0	0	0	10	12	20
k141_7345028	954	0	0	0	10	12	20
k141_7345028	955	0	0	0	10	11	20
k141_7345028	956	0	0	0	10	10	21
k141_7345028	957	0	0	0	10	10	21
k141_7345028	958	0	0	0	10	11	21
k141_7345028	959	0	0	0	10	10	21
k141_7345028	960	0	0	0	10	10	21
k141_7345028	961	0	0	0	10	10	21
k141_7345028	962	0	0	0	9	10	22
k141_7345028	963	0	0	0	9	10	22
k141_7345028	964	0	0	0	9	9	22
k141_7345028	965	0	0	0	9	9	22
k141_7345028	966	0	0	0	9	9	22
k141_7345028	967	0	0	0	9	9	22
k141_7345028	968	0	0	0	9	9	22
k141_7345028	969	0	0	0	9	9	22
k141_7345028	970	0	0	0	9	9	22
k141_7345028	971	0	0	0	9	10	22
k141_7345028	972	0	0	0	9	10	22
k141_7345028	973	0	0	0	9	10	22
k141_7345028	974	0	0	0	9	10	22
k141_7345028	975	0	0	0	8	10	22
k141_7345028	976	0	0	0	8	10	22
k141_7345028	977	0	0	0	8	10	22
k141_7345028	978	0	0	0	8	10	22
k141_7345028	979	0	0	0	8	10	21
k141_7345028	980	0	0	0	8	9	21
k141_7345028	981	0	0	0	8	10	22
k141_7345028	982	0	0	0	8	10	22
k141_7345028	983	0	0	0	8	10	22
k141_7345028	984	0	0	0	8	10	22
k141_7345028	985	0	0	0	8	10	22
k141_7345028	986	0	0	0	8	10	22
k141_7345028	987	0	0	0	8	10	22
k141_7345028	988	0	0	0	8	10	21
k141_7345028	989	0	0	0	8	11	21
k141_7345028	990	0	0	0	7	11	20
k141_7345028	991	0	0	0	7	11	20
k141_7345028	992	0	0	0	7	12	20
k141_7345028	993	0	0	0	7	12	20
k141_7345028	994	0	0	0	7	12	20
k141_7345028	995	0	0	0	7	12	19
k141_7345028	996	0	0	0	7	12	19
k141_7345028	997	0	0	0	7	13	19
k141_7345028	998	0	0	0	7	13	18
k141_7345028	999	0	0	0	7	13	18
k141_7345028	1000	0	0	0	7	13	19
k141_7345028	1001	0	0	0	7	13	19
k141_7345028	1002	0	0	0	8	14	19
k141_7345028	1003	0	0	0	8	14	19
k141_7345028	1004	0	0	0	8	14	19
k141_7345028	1005	0	0	0	8	14	19
k141_7345028	1006	0	0	0	8	14	19
k141_7345028	1007	0	0	0	7	14	18
k141_7345028	1008	0	0	0	7	14	18
k141_7345028	1009	0	0	0	7	13	16
k141_7345028	1010	0	0	0	7	13	16
k141_7345028	1011	0	0	0	7	13	16
k141_7345028	1012	0	0	0	7	13	16
k141_7345028	1013	0	0	0	7	13	16
k141_7345028	1014	0	0	0	7	13	16
k141_7345028	1015	0	0	0	7	13	16
k141_7345028	1016	0	0	0	6	16	16
k141_7345028	1017	0	0	0	5	15	16
k141_7345028	1018	0	0	0	5	15	16
k141_7345028	1019	0	0	0	5	14	15
k141_7345028	1020	0	0	0	4	14	15
k141_7345028	1021	0	0	0	6	14	15
k141_7345028	1022	0	0	0	6	14	15
k141_7345028	1023	0	0	0	6	14	15
k141_7345028	1024	0	0	0	6	14	15
k141_7345028	1025	0	0	0	6	15	15
k141_7345028	1026	0	0	0	6	16	16
k141_7345028	1027	0	0	0	6	16	17
k141_7345028	1028	0	0	0	6	17	17
k141_7345028	1029	0	0	0	6	17	17
k141_7345028	1030	0	0	0	6	17	17
k141_7345028	1031	0	0	0	6	17	17
k141_7345028	1032	0	0	0	7	17	17
k141_7345028	1033	0	0	0	7	18	17
k141_7345028	1034	0	0	0	7	18	16
k141_7345028	1035	0	0	0	7	18	16
k141_7345028	1036	0	0	0	7	18	16
k141_7345028	1037	0	0	0	7	18	16
k141_7345028	1038	0	0	0	7	18	16
k141_7345028	1039	0	0	0	7	18	16
k141_7345028	1040	0	0	0	5	18	16
k141_7345028	1041	0	0	0	5	18	16
k141_7345028	1042	0	0	0	5	18	16
k141_7345028	1043	0	0	0	5	18	17
k141_7345028	1044	0	0	0	5	17	17
k141_7345028	1045	0	0	0	5	17	17
k141_7345028	1046	0	0	0	5	17	17
k141_7345028	1047	0	0	0	5	17	17
k141_7345028	1048	0	0	0	5	17	17
k141_7345028	1049	0	0	0	5	17	17
k141_7345028	1050	0	0	0	5	17	16
k141_7345028	1051	0	0	0	5	17	16
k141_7345028	1052	0	0	0	5	17	16
k141_7345028	1053	0	0	0	5	17	16
k141_7345028	1054	0	0	0	5	17	16
k141_7345028	1055	0	0	0	5	17	16
k141_7345028	1056	0	0	0	5	17	16
k141_7345028	1057	0	0	0	5	16	16
k141_7345028	1058	0	0	0	5	16	16
k141_7345028	1059	0	0	0	5	18	17
k141_7345028	1060	0	0	0	5	18	18
k141_7345028	1061	0	0	0	6	18	18
k141_7345028	1062	0	0	0	6	18	18
k141_7345028	1063	0	0	0	6	18	18
k141_7345028	1064	0	0	0	7	18	18
k141_7345028	1065	0	0	0	7	17	18
k141_7345028	1066	0	0	0	7	17	19
k141_7345028	1067	0	0	0	6	17	18
k141_7345028	1068	0	0	0	6	19	18
k141_7345028	1069	0	0	0	6	19	18
k141_7345028	1070	0	0	0	6	19	18
k141_7345028	1071	0	0	0	6	19	19
k141_7345028	1072	0	0	0	4	19	19
k141_7345028	1073	0	0	0	4	19	19
k141_7345028	1074	0	0	0	5	20	21
k141_7345028	1075	0	0	0	5	20	21
k141_7345028	1076	0	0	0	5	20	21
k141_7345028	1077	0	0	0	5	20	21
k141_7345028	1078	0	0	0	5	20	21
k141_7345028	1079	0	0	0	5	20	22
k141_7345028	1080	0	0	0	5	20	22
k141_7345028	1081	0	0	0	5	20	21
k141_7345028	1082	0	0	0	5	20	21
k141_7345028	1083	0	0	0	5	20	21
k141_7345028	1084	0	0	0	5	21	21
k141_7345028	1085	0	0	0	5	21	21
k141_7345028	1086	0	0	0	5	21	21
k141_7345028	1087	0	0	0	5	20	21
k141_7345028	1088	0	0	0	5	20	21
k141_7345028	1089	0	0	0	5	20	21
k141_7345028	1090	0	0	0	5	20	21
k141_7345028	1091	0	0	0	5	20	21
k141_7345028	1092	0	0	0	5	21	21
k141_7345028	1093	0	0	0	5	21	21
k141_7345028	1094	0	0	0	5	21	21
k141_7345028	1095	0	0	0	5	21	21
k141_7345028	1096	0	0	0	5	21	21
k141_7345028	1097	0	0	0	5	21	21
k141_7345028	1098	0	0	0	5	21	20
k141_7345028	1099	0	0	0	5	21	20
k141_7345028	1100	0	0	0	5	20	20
k141_7345028	1101	0	0	0	5	20	20
k141_7345028	1102	0	0	0	5	20	20
k141_7345028	1103	0	0	0	6	21	20
k141_7345028	1104	0	0	0	6	21	20
k141_7345028	1105	0	0	0	6	21	20
k141_7345028	1106	0	0	0	6	21	20
k141_7345028	1107	0	0	0	6	21	20
k141_7345028	1108	0	0	0	7	21	20
k141_7345028	1109	0	0	0	7	21	20
k141_7345028	1110	0	0	0	7	21	20
k141_7345028	1111	0	0	0	7	21	20
k141_7345028	1112	0	0	0	7	21	20
k141_7345028	1113	0	0	0	7	20	20
k141_7345028	1114	0	0	0	7	20	20
k141_7345028	1115	0	0	0	7	20	20
k141_7345028	1116	0	0	0	9	20	20
k141_7345028	1117	0	0	0	9	20	20
k141_7345028	1118	0	0	0	9	20	20
k141_7345028	1119	0	0	0	9	20	20
k141_7345028	1120	0	0	0	9	19	20
k141_7345028	1121	0	0	0	9	20	21
k141_7345028	1122	0	0	0	9	21	21
k141_7345028	1123	0	0	0	9	20	20
k141_7345028	1124	0	0	0	9	20	20
k141_7345028	1125	0	0	0	9	20	20
k141_7345028	1126	0	0	0	9	20	19
k141_7345028	1127	0	0	0	9	20	19
k141_7345028	1128	0	0	0	10	19	21
k141_7345028	1129	0	0	0	10	19	21
k141_7345028	1130	0	0	0	10	20	21
k141_7345028	1131	0	0	0	10	20	21
k141_7345028	1132	0	0	0	10	20	21
k141_7345028	1133	0	0	0	10	21	21
k141_7345028	1134	0	0	0	10	20	20
k141_7345028	1135	0	0	0	10	20	20
k141_7345028	1136	0	0	0	10	20	20
k141_7345028	1137	0	0	0	10	20	20
k141_7345028	1138	0	0	0	10	20	20
k141_7345028	1139	0	0	0	10	20	20
k141_7345028	1140	0	0	0	10	20	20
k141_7345028	1141	0	0	0	10	20	20
k141_7345028	1142	0	0	0	10	20	19
k141_7345028	1143	0	0	0	10	20	19
k141_7345028	1144	0	0	0	9	19	18
k141_7345028	1145	0	0	0	9	19	18
k141_7345028	1146	0	0	0	9	19	18
k141_7345028	1147	0	0	0	9	19	18
k141_7345028	1148	0	0	0	9	19	18
k141_7345028	1149	0	0	0	9	19	18
k141_7345028	1150	0	0	0	9	19	18
k141_7345028	1151	0	0	0	9	19	18
k141_7345028	1152	0	0	0	9	19	18
k141_7345028	1153	0	0	0	9	20	18
k141_7345028	1154	0	0	0	9	20	18
k141_7345028	1155	0	0	0	9	20	19
k141_7345028	1156	0	0	0	10	20	18
k141_7345028	1157	0	0	0	10	20	18
k141_7345028	1158	0	0	0	10	16	17
k141_7345028	1159	0	0	0	10	16	15
k141_7345028	1160	0	0	0	10	16	15
k141_7345028	1161	0	0	0	10	16	15
k141_7345028	1162	0	0	0	10	16	15
k141_7345028	1163	0	0	0	10	16	15
k141_7345028	1164	0	0	0	10	16	15
k141_7345028	1165	0	0	0	10	16	15
k141_7345028	1166	0	0	0	10	15	14
k141_7345028	1167	0	0	0	10	15	14
k141_7345028	1168	0	0	0	10	14	12
k141_7345028	1169	0	0	0	10	14	11
k141_7345028	1170	0	0	0	10	13	11
k141_7345028	1171	0	0	0	10	13	12
k141_7345028	1172	0	0	0	10	13	12
k141_7345028	1173	0	0	0	10	13	12
k141_7345028	1174	0	0	0	9	14	11
k141_7345028	1175	0	0	0	9	14	11
k141_7345028	1176	0	0	0	9	14	11
k141_7345028	1177	0	0	0	9	14	11
k141_7345028	1178	0	0	0	9	14	11
k141_7345028	1179	0	0	0	9	14	12
k141_7345028	1180	0	0	0	10	15	12
k141_7345028	1181	0	0	0	12	19	12
k141_7345028	1182	0	0	0	12	20	11
k141_7345028	1183	0	0	0	12	20	11
k141_7345028	1184	0	0	0	12	20	11
k141_7345028	1185	0	0	0	12	20	10
k141_7345028	1186	0	0	0	12	20	10
k141_7345028	1187	0	0	0	12	20	10
k141_7345028	1188	0	0	0	12	20	10
k141_7345028	1189	0	0	0	12	20	10
k141_7345028	1190	0	0	0	12	20	10
k141_7345028	1191	0	0	0	13	20	10
k141_7345028	1192	0	0	0	13	21	10
k141_7345028	1193	0	0	0	13	21	10
k141_7345028	1194	0	0	0	13	21	10
k141_7345028	1195	0	0	0	13	21	10
k141_7345028	1196	0	0	0	13	21	10
k141_7345028	1197	0	0	0	13	21	10
k141_7345028	1198	0	0	0	13	21	10
k141_7345028	1199	0	0	0	13	21	10
k141_7345028	1200	0	0	0	13	21	10
k141_7345028	1201	0	0	0	13	19	9
k141_7345028	1202	0	0	0	12	19	8
k141_7345028	1203	0	0	0	11	19	8
k141_7345028	1204	0	0	0	11	19	8
k141_7345028	1205	0	0	0	11	19	8
k141_7345028	1206	0	0	0	10	19	8
k141_7345028	1207	0	0	0	10	19	8
k141_7345028	1208	0	0	0	12	19	8
k141_7345028	1209	0	0	0	12	19	8
k141_7345028	1210	0	0	0	11	17	8
k141_7345028	1211	0	0	0	11	17	8
k141_7345028	1212	0	0	0	11	17	8
k141_7345028	1213	0	0	0	12	17	8
k141_7345028	1214	0	0	0	12	17	8
k141_7345028	1215	0	0	0	12	17	8
k141_7345028	1216	0	0	0	11	16	7
k141_7345028	1217	0	0	0	11	17	7
k141_7345028	1218	0	0	0	11	17	7
k141_7345028	1219	0	0	0	11	17	7
k141_7345028	1220	0	0	0	11	17	7
k141_7345028	1221	0	0	0	11	17	7
k141_7345028	1222	0	0	0	11	17	7
k141_7345028	1223	0	0	0	12	17	7
k141_7345028	1224	0	0	0	12	17	7
k141_7345028	1225	0	0	0	12	17	8
k141_7345028	1226	0	0	0	12	16	8
k141_7345028	1227	0	0	0	12	16	8
k141_7345028	1228	0	0	0	12	16	8
k141_7345028	1229	0	0	0	12	16	8
k141_7345028	1230	0	0	0	12	16	8
k141_7345028	1231	0	0	0	12	16	8
k141_7345028	1232	0	0	0	12	16	8
k141_7345028	1233	0	0	0	13	17	8
k141_7345028	1234	0	0	0	13	16	8
k141_7345028	1235	0	0	0	13	16	8
k141_7345028	1236	0	0	0	13	16	8
k141_7345028	1237	0	0	0	13	16	8
k141_7345028	1238	0	0	0	13	16	8
k141_7345028	1239	0	0	0	13	16	8
k141_7345028	1240	0	0	0	13	17	8
k141_7345028	1241	0	0	0	13	17	8
k141_7345028	1242	0	0	0	13	17	8
k141_7345028	1243	0	0	0	13	17	8
k141_7345028	1244	0	0	0	13	17	8
k141_7345028	1245	0	0	0	12	16	8
k141_7345028	1246	0	0	0	12	16	7
k141_7345028	1247	0	0	0	12	16	7
k141_7345028	1248	0	0	0	13	18	8
k141_7345028	1249	0	0	0	13	17	8
k141_7345028	1250	0	0	0	13	17	8
k141_7345028	1251	0	0	0	13	17	8
k141_7345028	1252	0	0	0	13	17	8
k141_7345028	1253	0	0	0	13	17	8
k141_7345028	1254	0	0	0	13	17	8
k141_7345028	1255	0	0	0	13	17	8
k141_7345028	1256	0	0	0	13	17	8
k141_7345028	1257	0	0	0	13	17	8
k141_7345028	1258	0	0	0	12	17	8
k141_7345028	1259	0	0	0	12	18	8
k141_7345028	1260	0	0	0	12	18	8
k141_7345028	1261	0	0	0	15	18	8
k141_7345028	1262	0	0	0	15	18	8
k141_7345028	1263	0	0	0	16	17	7
k141_7345028	1264	0	0	0	16	15	7
k141_7345028	1265	0	0	0	16	15	7
k141_7345028	1266	0	0	0	16	15	7
k141_7345028	1267	0	0	0	16	15	7
k141_7345028	1268	0	0	0	16	15	7
k141_7345028	1269	0	0	0	16	15	7
k141_7345028	1270	0	0	0	15	15	5
k141_7345028	1271	0	0	0	15	17	5
k141_7345028	1272	0	0	0	14	15	5
k141_7345028	1273	0	0	0	14	15	5
k141_7345028	1274	0	0	0	14	15	5
k141_7345028	1275	0	0	0	14	14	4
k141_7345028	1276	0	0	0	14	14	4
k141_7345028	1277	0	0	0	14	14	4
k141_7345028	1278	0	0	0	14	14	4
k141_7345028	1279	0	0	0	14	14	4
k141_7345028	1280	0	0	0	14	14	4
k141_7345028	1281	0	0	0	14	14	4
k141_7345028	1282	0	0	0	14	14	4
k141_7345028	1283	0	0	0	14	14	4
k141_7345028	1284	0	0	0	14	14	4
k141_7345028	1285	0	0	0	14	14	4
k141_7345028	1286	0	0	0	14	14	4
k141_7345028	1287	0	0	0	14	14	4
k141_7345028	1288	0	0	0	14	14	4
k141_7345028	1289	0	0	0	17	14	4
k141_7345028	1290	0	0	0	17	14	4
k141_7345028	1291	0	0	0	17	14	4
k141_7345028	1292	0	0	0	18	14	5
k141_7345028	1293	0	0	0	18	14	5
k141_7345028	1294	0	0	0	18	14	6
k141_7345028	1295	0	0	0	18	13	6
k141_7345028	1296	0	0	0	19	13	7
k141_7345028	1297	0	0	0	19	13	6
k141_7345028	1298	0	0	0	19	13	6
k141_7345028	1299	0	0	0	19	13	6
k141_7345028	1300	0	0	0	19	13	6
k141_7345028	1301	0	0	0	19	13	6
k141_7345028	1302	0	0	0	19	13	8
k141_7345028	1303	0	0	0	20	13	8
k141_7345028	1304	0	0	0	20	13	9
k141_7345028	1305	0	0	0	20	13	9
k141_7345028	1306	0	0	0	21	13	10
k141_7345028	1307	0	0	0	22	14	10
k141_7345028	1308	0	0	0	22	14	10
k141_7345028	1309	0	0	0	22	14	10
k141_7345028	1310	0	0	0	21	14	10
k141_7345028	1311	0	0	0	23	16	13
k141_7345028	1312	0	0	0	23	16	13
k141_7345028	1313	0	0	0	23	16	12
k141_7345028	1314	0	0	0	23	16	13
k141_7345028	1315	0	0	0	23	16	13
k141_7345028	1316	0	0	0	23	16	14
k141_7345028	1317	0	0	0	23	16	14
k141_7345028	1318	0	0	0	23	16	14
k141_7345028	1319	0	0	0	23	16	14
k141_7345028	1320	0	0	0	23	16	14
k141_7345028	1321	0	0	0	24	17	14
k141_7345028	1322	0	0	0	23	16	14
k141_7345028	1323	0	0	0	23	15	14
k141_7345028	1324	0	0	0	23	14	14
k141_7345028	1325	0	0	0	23	14	14
k141_7345028	1326	0	0	0	23	14	14
k141_7345028	1327	0	0	0	23	14	14
k141_7345028	1328	0	0	0	23	14	14
k141_7345028	1329	0	0	0	25	15	16
k141_7345028	1330	0	0	0	25	15	16
k141_7345028	1331	0	0	0	25	16	16
k141_7345028	1332	0	0	0	25	16	16
k141_7345028	1333	0	0	0	24	16	16
k141_7345028	1334	0	0	0	24	16	16
k141_7345028	1335	0	0	0	24	16	16
k141_7345028	1336	0	0	0	24	16	16
k141_7345028	1337	0	0	0	24	16	16
k141_7345028	1338	0	0	0	24	16	16
k141_7345028	1339	0	0	0	24	16	16
k141_7345028	1340	0	0	0	24	16	16
k141_7345028	1341	0	0	0	24	16	16
k141_7345028	1342	0	0	0	26	16	16
k141_7345028	1343	0	0	0	26	16	16
k141_7345028	1344	0	0	0	27	16	16
k141_7345028	1345	0	0	0	27	16	16
k141_7345028	1346	0	0	0	27	16	16
k141_7345028	1347	0	0	0	27	16	16
k141_7345028	1348	0	0	0	27	16	16
k141_7345028	1349	0	0	2	27	16	16
k141_7345028	1350	0	0	2	25	16	16
k141_7345028	1351	0	0	2	25	16	16
k141_7345028	1352	0	0	2	25	16	16
k141_7345028	1353	0	0	2	25	16	16
k141_7345028	1354	0	0	2	25	16	16
k141_7345028	1355	0	0	2	24	16	16
k141_7345028	1356	0	0	2	24	16	16
k141_7345028	1357	0	0	2	24	16	16
k141_7345028	1358	0	0	2	24	16	16
k141_7345028	1359	0	0	2	24	15	16
k141_7345028	1360	0	0	2	24	15	16
k141_7345028	1361	0	0	2	24	15	16
k141_7345028	1362	0	0	2	24	15	16
k141_7345028	1363	0	0	2	24	15	16
k141_7345028	1364	0	0	2	24	15	16
k141_7345028	1365	0	0	2	23	15	16
k141_7345028	1366	0	0	2	23	15	16
k141_7345028	1367	0	0	2	23	16	16
k141_7345028	1368	0	0	0	23	16	18
k141_7345028	1369	0	0	0	23	16	18
k141_7345028	1370	0	0	0	23	16	18
k141_7345028	1371	0	0	0	24	16	18
k141_7345028	1372	0	0	0	23	16	18
k141_7345028	1373	0	0	0	23	16	18
k141_7345028	1374	0	0	0	24	17	18
k141_7345028	1375	0	0	0	24	15	19
k141_7345028	1376	0	0	0	25	15	19
k141_7345028	1377	0	0	0	25	15	19
k141_7345028	1378	0	0	0	25	15	19
k141_7345028	1379	0	0	0	26	15	19
k141_7345028	1380	0	0	0	25	15	19
k141_7345028	1381	0	0	0	25	15	19
k141_7345028	1382	0	0	0	27	15	19
k141_7345028	1383	0	0	0	27	14	19
k141_7345028	1384	0	0	0	27	18	19
k141_7345028	1385	0	0	0	27	18	19
k141_7345028	1386	0	0	0	27	18	19
k141_7345028	1387	0	0	0	27	18	19
k141_7345028	1388	0	0	0	27	18	19
k141_7345028	1389	0	0	0	27	18	19
k141_7345028	1390	0	0	0	26	17	18
k141_7345028	1391	0	0	0	26	17	17
k141_7345028	1392	0	0	0	26	17	17
k141_7345028	1393	0	0	0	26	17	17
k141_7345028	1394	0	0	0	26	17	17
k141_7345028	1395	0	0	0	26	17	17
k141_7345028	1396	0	0	0	26	17	17
k141_7345028	1397	0	0	0	26	17	17
k141_7345028	1398	0	0	0	26	17	17
k141_7345028	1399	0	0	0	26	17	17
k141_7345028	1400	0	0	0	26	17	17
k141_7345028	1401	0	0	0	27	17	17
k141_7345028	1402	0	0	0	27	17	17
k141_7345028	1403	0	0	0	24	17	17
k141_7345028	1404	0	0	0	24	17	17
k141_7345028	1405	0	0	0	23	17	17
k141_7345028	1406	0	0	0	23	17	17
k141_7345028	1407	0	0	0	23	17	17
k141_7345028	1408	0	0	0	23	17	17
k141_7345028	1409	0	0	0	23	17	18
k141_7345028	1410	0	0	0	23	17	18
k141_7345028	1411	0	0	0	23	17	18
k141_7345028	1412	0	0	0	23	18	18
k141_7345028	1413	0	0	0	23	16	18
k141_7345028	1414	0	0	0	23	16	18
k141_7345028	1415	0	0	0	23	16	18
k141_7345028	1416	0	0	0	23	16	18
k141_7345028	1417	0	0	0	23	17	18
k141_7345028	1418	0	0	0	24	17	18
k141_7345028	1419	0	0	0	24	17	18
k141_7345028	1420	0	0	0	24	17	18
k141_7345028	1421	0	0	0	24	17	18
k141_7345028	1422	0	0	0	24	17	18
k141_7345028	1423	0	0	0	24	17	18
k141_7345028	1424	0	0	0	24	19	18
k141_7345028	1425	0	0	0	24	19	18
k141_7345028	1426	0	0	0	24	19	18
k141_7345028	1427	0	0	0	24	18	18
k141_7345028	1428	0	0	0	24	18	18
k141_7345028	1429	0	0	0	24	19	18
k141_7345028	1430	0	0	0	24	19	18
k141_7345028	1431	0	0	0	21	19	16
k141_7345028	1432	0	0	0	23	19	16
k141_7345028	1433	0	0	0	23	19	16
k141_7345028	1434	0	0	0	20	19	15
k141_7345028	1435	0	0	0	20	19	15
k141_7345028	1436	0	0	0	20	19	14
k141_7345028	1437	0	0	0	20	19	14
k141_7345028	1438	0	0	0	17	16	9
k141_7345028	1439	0	0	0	19	16	9
k141_7345028	1440	0	0	0	18	16	9
k141_7345028	1441	0	0	0	19	17	9
k141_7345028	1442	0	0	0	19	17	9
k141_7345028	1443	0	0	0	19	17	9
k141_7345028	1444	0	0	0	19	17	11
k141_7345028	1445	0	0	0	18	17	11
k141_7345028	1446	0	0	0	18	17	11
k141_7345028	1447	0	0	0	19	19	11
k141_7345028	1448	0	0	0	19	19	11
k141_7345028	1449	0	0	0	19	18	11
k141_7345028	1450	0	0	0	18	18	11
k141_7345028	1451	0	0	0	18	18	11
k141_7345028	1452	0	0	0	18	19	13
k141_7345028	1453	0	0	0	19	19	13
k141_7345028	1454	0	0	0	20	19	13
k141_7345028	1455	0	0	0	20	19	13
k141_7345028	1456	0	0	0	20	19	13
k141_7345028	1457	0	0	0	20	19	13
k141_7345028	1458	0	0	0	20	18	13
k141_7345028	1459	0	0	0	20	20	14
k141_7345028	1460	0	0	0	20	20	14
k141_7345028	1461	0	0	0	20	20	14
k141_7345028	1462	0	0	0	20	20	14
k141_7345028	1463	0	0	0	20	20	14
k141_7345028	1464	0	0	0	20	20	14
k141_7345028	1465	0	0	0	20	20	14
k141_7345028	1466	0	0	0	20	19	14
k141_7345028	1467	0	0	0	20	19	15
k141_7345028	1468	0	0	0	20	19	15
k141_7345028	1469	0	0	0	20	19	16
k141_7345028	1470	0	0	0	20	19	16
k141_7345028	1471	0	0	0	19	19	14
k141_7345028	1472	0	0	0	19	19	14
k141_7345028	1473	0	0	0	19	19	14
k141_7345028	1474	0	0	0	19	19	14
k141_7345028	1475	0	0	0	19	19	14
k141_7345028	1476	0	0	0	19	19	14
k141_7345028	1477	0	0	0	19	19	14
k141_7345028	1478	0	0	0	19	19	14
k141_7345028	1479	0	0	0	19	19	14
k141_7345028	1480	0	0	0	19	19	14
k141_7345028	1481	0	0	0	19	19	14
k141_7345028	1482	0	0	0	19	19	14
k141_7345028	1483	0	0	0	19	19	14
k141_7345028	1484	0	0	0	17	19	13
k141_7345028	1485	0	0	0	18	19	14
k141_7345028	1486	0	0	0	17	19	14
k141_7345028	1487	0	0	0	17	19	14
k141_7345028	1488	0	0	0	17	19	14
k141_7345028	1489	0	0	0	16	19	14
k141_7345028	1490	0	0	0	16	19	14
k141_7345028	1491	0	0	0	16	19	14
k141_7345028	1492	0	0	0	16	19	14
k141_7345028	1493	0	0	0	16	19	14
k141_7345028	1494	0	0	0	16	19	14
k141_7345028	1495	0	0	0	16	19	14
k141_7345028	1496	0	0	0	17	19	14
k141_7345028	1497	0	0	0	16	19	14
k141_7345028	1498	0	0	0	16	19	14
k141_7345028	1499	0	0	0	16	19	15
k141_7345028	1500	0	0	0	16	19	15
k141_7345028	1501	0	0	0	16	19	15
k141_7345028	1502	0	0	0	16	19	15
k141_7345028	1503	0	0	0	16	19	15
k141_7345028	1504	0	0	0	16	19	16
k141_7345028	1505	0	0	0	16	19	16
k141_7345028	1506	0	0	0	16	19	16
k141_7345028	1507	0	0	0	16	19	16
k141_7345028	1508	0	0	0	16	19	15
k141_7345028	1509	0	0	0	16	19	15
k141_7345028	1510	0	0	0	16	19	14
k141_7345028	1511	0	0	0	17	21	14
k141_7345028	1512	0	0	0	17	21	14
k141_7345028	1513	0	0	0	17	21	14
k141_7345028	1514	0	0	0	17	22	14
k141_7345028	1515	0	0	0	17	23	14
k141_7345028	1516	0	0	0	17	22	15
k141_7345028	1517	0	0	0	16	22	14
k141_7345028	1518	0	0	0	15	22	14
k141_7345028	1519	0	0	0	15	22	14
k141_7345028	1520	0	0	0	15	22	14
k141_7345028	1521	0	0	0	16	22	15
k141_7345028	1522	0	0	0	16	22	15
k141_7345028	1523	0	0	0	16	22	15
k141_7345028	1524	0	0	0	15	22	15
k141_7345028	1525	0	0	0	15	22	15
k141_7345028	1526	0	0	0	15	18	15
k141_7345028	1527	0	0	0	15	18	15
k141_7345028	1528	0	0	0	15	18	15
k141_7345028	1529	0	0	0	15	18	15
k141_7345028	1530	0	0	0	15	18	15
k141_7345028	1531	0	0	0	15	18	15
k141_7345028	1532	0	0	0	15	19	15
k141_7345028	1533	0	0	0	15	19	15
k141_7345028	1534	0	0	0	15	19	15
k141_7345028	1535	0	0	0	15	19	15
k141_7345028	1536	0	0	0	15	19	15
k141_7345028	1537	0	0	0	15	19	15
k141_7345028	1538	0	0	0	15	19	15
k141_7345028	1539	0	0	0	15	19	15
k141_7345028	1540	0	0	0	15	19	15
k141_7345028	1541	0	0	0	15	19	15
k141_7345028	1542	0	0	0	15	19	15
k141_7345028	1543	0	0	0	14	18	15
k141_7345028	1544	0	0	0	14	18	15
k141_7345028	1545	0	0	0	14	18	15
k141_7345028	1546	0	0	0	14	18	15
k141_7345028	1547	0	0	0	14	18	15
k141_7345028	1548	0	0	0	14	19	15
k141_7345028	1549	0	0	0	14	19	15
k141_7345028	1550	0	0	0	14	19	15
k141_7345028	1551	0	0	0	16	19	15
k141_7345028	1552	0	0	0	16	19	15
k141_7345028	1553	0	0	0	16	19	15
k141_7345028	1554	0	0	0	16	18	15
k141_7345028	1555	0	0	0	16	18	15
k141_7345028	1556	0	0	0	16	19	15
k141_7345028	1557	0	0	0	18	19	15
k141_7345028	1558	0	0	0	18	19	15
k141_7345028	1559	0	0	0	18	18	15
k141_7345028	1560	0	0	0	17	18	15
k141_7345028	1561	0	0	0	17	17	16
k141_7345028	1562	0	0	0	17	17	16
k141_7345028	1563	0	0	0	17	17	16
k141_7345028	1564	0	0	0	17	17	16
k141_7345028	1565	0	0	0	18	17	16
k141_7345028	1566	0	0	0	18	15	17
k141_7345028	1567	0	2	0	18	15	17
k141_7345028	1568	0	2	0	18	15	17
k141_7345028	1569	0	2	0	18	16	17
k141_7345028	1570	0	2	0	18	16	17
k141_7345028	1571	0	2	0	18	15	17
k141_7345028	1572	0	2	0	18	15	17
k141_7345028	1573	0	2	0	18	15	17
k141_7345028	1574	0	2	0	16	15	17
k141_7345028	1575	0	2	0	16	16	17
k141_7345028	1576	0	2	0	14	16	17
k141_7345028	1577	0	2	0	14	16	17
k141_7345028	1578	0	2	0	14	16	17
k141_7345028	1579	0	2	0	14	16	17
k141_7345028	1580	0	2	0	14	17	15
k141_7345028	1581	0	2	0	12	17	15
k141_7345028	1582	0	2	0	12	17	15
k141_7345028	1583	0	2	0	12	17	15
k141_7345028	1584	0	2	0	12	17	15
k141_7345028	1585	0	2	0	12	17	15
k141_7345028	1586	0	0	0	12	17	13
k141_7345028	1587	0	0	0	12	17	13
k141_7345028	1588	0	0	0	12	19	13
k141_7345028	1589	0	0	0	11	17	13
k141_7345028	1590	0	0	0	12	17	13
k141_7345028	1591	0	0	0	11	17	13
k141_7345028	1592	0	0	0	11	17	13
k141_7345028	1593	0	0	0	11	17	13
k141_7345028	1594	0	0	0	11	16	11
k141_7345028	1595	0	0	0	10	16	11
k141_7345028	1596	0	0	0	9	16	10
k141_7345028	1597	0	0	0	9	16	10
k141_7345028	1598	0	0	0	9	16	10
k141_7345028	1599	0	0	0	9	16	10
k141_7345028	1600	0	0	0	9	16	10
k141_7345028	1601	0	0	0	9	14	10
k141_7345028	1602	0	0	0	9	14	10
k141_7345028	1603	0	0	0	9	14	10
k141_7345028	1604	0	0	0	9	14	9
k141_7345028	1605	0	0	0	9	14	9
k141_7345028	1606	0	0	0	9	14	9
k141_7345028	1607	0	0	0	9	14	9
k141_7345028	1608	0	0	0	9	14	9
k141_7345028	1609	0	0	0	9	14	9
k141_7345028	1610	0	0	0	9	14	9
k141_7345028	1611	0	0	0	9	14	8
k141_7345028	1612	0	0	0	9	14	8
k141_7345028	1613	0	0	0	9	14	8
k141_7345028	1614	0	0	0	9	14	8
k141_7345028	1615	0	0	0	9	14	8
k141_7345028	1616	0	0	0	9	14	8
k141_7345028	1617	0	0	0	9	14	8
k141_7345028	1618	0	0	0	9	14	10
k141_7345028	1619	0	0	0	9	14	10
k141_7345028	1620	0	0	0	9	14	10
k141_7345028	1621	0	0	0	9	14	11
k141_7345028	1622	0	0	0	9	14	11
k141_7345028	1623	0	0	0	9	14	11
k141_7345028	1624	0	0	0	9	14	11
k141_7345028	1625	0	0	0	9	14	11
k141_7345028	1626	0	0	0	9	14	12
k141_7345028	1627	0	0	0	8	14	11
k141_7345028	1628	0	0	0	9	15	13
k141_7345028	1629	0	0	0	9	15	13
k141_7345028	1630	0	0	0	9	15	13
k141_7345028	1631	0	0	0	9	15	13
k141_7345028	1632	0	0	0	9	16	14
k141_7345028	1633	0	0	0	9	16	14
k141_7345028	1634	0	0	0	9	16	14
k141_7345028	1635	0	0	0	9	16	14
k141_7345028	1636	0	0	0	9	16	14
k141_7345028	1637	0	0	0	9	16	14
k141_7345028	1638	0	0	0	8	16	14
k141_7345028	1639	0	0	0	8	16	14
k141_7345028	1640	0	0	0	8	16	14
k141_7345028	1641	0	0	0	8	16	13
k141_7345028	1642	0	0	0	8	16	13
k141_7345028	1643	0	0	0	8	16	13
k141_7345028	1644	0	0	0	8	16	13
k141_7345028	1645	0	0	0	8	16	13
k141_7345028	1646	0	0	0	8	17	12
k141_7345028	1647	0	0	0	8	17	12
k141_7345028	1648	0	0	0	8	17	12
k141_7345028	1649	0	0	0	8	17	12
k141_7345028	1650	0	0	0	8	16	12
k141_7345028	1651	0	0	0	8	16	12
k141_7345028	1652	0	0	0	8	16	12
k141_7345028	1653	0	0	0	7	14	12
k141_7345028	1654	0	0	0	7	14	12
k141_7345028	1655	0	0	0	8	14	12
k141_7345028	1656	0	0	0	8	13	12
k141_7345028	1657	0	0	0	8	12	13
k141_7345028	1658	0	0	0	8	12	12
k141_7345028	1659	0	0	0	8	12	12
k141_7345028	1660	0	0	0	9	13	13
k141_7345028	1661	0	0	0	9	13	13
k141_7345028	1662	0	0	0	9	13	13
k141_7345028	1663	0	0	0	8	14	12
k141_7345028	1664	0	0	0	8	14	12
k141_7345028	1665	0	0	0	11	14	13
k141_7345028	1666	0	0	0	11	14	13
k141_7345028	1667	0	0	0	11	14	13
k141_7345028	1668	0	0	0	11	14	13
k141_7345028	1669	0	0	0	12	14	13
k141_7345028	1670	0	0	0	12	15	13
k141_7345028	1671	0	0	0	12	15	13
k141_7345028	1672	0	0	0	13	15	14
k141_7345028	1673	0	0	0	13	14	14
k141_7345028	1674	0	0	0	13	14	14
k141_7345028	1675	0	0	0	14	17	17
k141_7345028	1676	0	0	0	14	17	17
k141_7345028	1677	0	0	0	14	17	18
k141_7345028	1678	0	0	0	14	17	18
k141_7345028	1679	0	0	0	14	17	18
k141_7345028	1680	0	0	0	14	18	18
k141_7345028	1681	0	0	0	14	17	18
k141_7345028	1682	0	0	0	14	17	18
k141_7345028	1683	0	0	0	14	17	18
k141_7345028	1684	0	0	0	14	17	18
k141_7345028	1685	0	0	0	14	17	18
k141_7345028	1686	0	0	0	14	17	18
k141_7345028	1687	0	0	0	14	17	18
k141_7345028	1688	0	0	0	14	17	18
k141_7345028	1689	0	0	0	14	17	18
k141_7345028	1690	0	0	0	14	17	18
k141_7345028	1691	0	0	0	14	17	18
k141_7345028	1692	0	0	0	14	17	18
k141_7345028	1693	0	0	0	12	17	17
k141_7345028	1694	0	0	0	12	17	17
k141_7345028	1695	0	0	0	12	17	17
k141_7345028	1696	0	0	0	12	17	17
k141_7345028	1697	0	0	0	12	17	17
k141_7345028	1698	0	0	0	12	17	17
k141_7345028	1699	0	0	0	12	17	17
k141_7345028	1700	0	0	0	12	17	17
k141_7345028	1701	0	0	0	12	18	17
k141_7345028	1702	0	0	0	12	18	17
k141_7345028	1703	0	0	0	12	18	16
k141_7345028	1704	0	0	0	12	18	16
k141_7345028	1705	0	0	0	12	18	16
k141_7345028	1706	0	0	0	12	18	16
k141_7345028	1707	0	0	0	11	18	16
k141_7345028	1708	0	0	0	11	18	15
k141_7345028	1709	0	0	0	11	18	15
k141_7345028	1710	0	0	0	11	18	15
k141_7345028	1711	0	0	0	11	17	15
k141_7345028	1712	0	0	0	11	17	15
k141_7345028	1713	0	0	0	11	17	15
k141_7345028	1714	0	0	0	11	18	17
k141_7345028	1715	0	0	0	11	18	17
k141_7345028	1716	0	0	0	11	19	18
k141_7345028	1717	0	0	0	11	19	18
k141_7345028	1718	0	0	0	11	19	18
k141_7345028	1719	0	0	0	11	19	18
k141_7345028	1720	0	0	0	11	19	18
k141_7345028	1721	0	0	0	11	19	18
k141_7345028	1722	0	0	0	11	18	18
k141_7345028	1723	0	0	0	11	18	18
k141_7345028	1724	0	0	0	11	19	18
k141_7345028	1725	0	0	0	10	18	18
k141_7345028	1726	0	0	0	10	18	18
k141_7345028	1727	0	0	0	10	18	18
k141_7345028	1728	0	0	0	10	18	18
k141_7345028	1729	0	0	0	10	18	18
k141_7345028	1730	0	0	0	10	16	18
k141_7345028	1731	0	0	0	10	16	18
k141_7345028	1732	0	0	0	9	16	18
k141_7345028	1733	0	0	0	9	16	18
k141_7345028	1734	0	0	0	9	16	18
k141_7345028	1735	0	0	0	9	16	18
k141_7345028	1736	0	0	0	9	16	18
k141_7345028	1737	0	0	0	9	16	18
k141_7345028	1738	0	0	0	9	16	18
k141_7345028	1739	0	0	0	9	16	18
k141_7345028	1740	0	0	0	10	17	18
k141_7345028	1741	0	0	0	10	17	18
k141_7345028	1742	0	0	0	10	17	18
k141_7345028	1743	0	0	0	10	17	18
k141_7345028	1744	0	0	0	10	17	18
k141_7345028	1745	0	0	0	12	17	18
k141_7345028	1746	0	0	0	12	17	18
k141_7345028	1747	0	0	0	12	17	18
k141_7345028	1748	0	0	0	12	17	18
k141_7345028	1749	0	0	0	12	17	18
k141_7345028	1750	0	0	0	12	17	18
k141_7345028	1751	0	0	0	12	17	18
k141_7345028	1752	0	0	0	12	17	18
k141_7345028	1753	0	0	0	12	17	19
k141_7345028	1754	0	0	0	12	17	19
k141_7345028	1755	0	0	0	12	17	19
k141_7345028	1756	0	0	0	12	17	19
k141_7345028	1757	0	0	0	12	17	19
k141_7345028	1758	0	0	0	12	17	19
k141_7345028	1759	0	0	0	12	17	19
k141_7345028	1760	0	0	0	13	17	17
k141_7345028	1761	0	0	0	13	17	17
k141_7345028	1762	0	0	0	13	17	17
k141_7345028	1763	0	0	0	13	17	16
k141_7345028	1764	0	0	0	11	17	16
k141_7345028	1765	0	0	0	11	18	16
k141_7345028	1766	0	0	0	11	18	16
k141_7345028	1767	0	0	0	11	18	16
k141_7345028	1768	0	0	0	11	18	15
k141_7345028	1769	0	0	0	11	18	15
k141_7345028	1770	0	0	0	10	17	13
k141_7345028	1771	0	0	0	10	17	13
k141_7345028	1772	0	0	0	10	17	13
k141_7345028	1773	0	0	0	10	17	13
k141_7345028	1774	0	0	0	10	16	12
k141_7345028	1775	0	0	0	11	16	12
k141_7345028	1776	0	0	0	11	16	12
k141_7345028	1777	0	0	0	12	18	13
k141_7345028	1778	0	0	0	12	18	15
k141_7345028	1779	0	0	0	12	18	15
k141_7345028	1780	0	0	0	12	18	15
k141_7345028	1781	0	0	0	12	18	15
k141_7345028	1782	0	0	0	12	18	15
k141_7345028	1783	0	0	0	12	18	15
k141_7345028	1784	0	0	0	12	18	15
k141_7345028	1785	0	0	0	13	18	16
k141_7345028	1786	0	0	0	13	18	18
k141_7345028	1787	0	0	0	13	18	17
k141_7345028	1788	0	0	0	13	17	18
k141_7345028	1789	0	0	0	13	17	18
k141_7345028	1790	0	0	0	13	17	18
k141_7345028	1791	0	0	0	13	17	18
k141_7345028	1792	0	0	0	13	17	18
k141_7345028	1793	0	0	0	14	18	18
k141_7345028	1794	0	0	0	14	18	18
k141_7345028	1795	0	0	0	14	18	18
k141_7345028	1796	0	0	0	14	18	18
k141_7345028	1797	0	0	0	13	18	18
k141_7345028	1798	0	0	0	13	18	18
k141_7345028	1799	0	0	0	13	18	17
k141_7345028	1800	0	0	0	13	18	17
k141_7345028	1801	0	0	0	13	18	17
k141_7345028	1802	0	0	0	12	18	17
k141_7345028	1803	0	0	0	12	18	17
k141_7345028	1804	0	0	0	12	18	17
k141_7345028	1805	0	0	0	12	17	17
k141_7345028	1806	0	0	0	12	17	17
k141_7345028	1807	0	0	0	9	17	16
k141_7345028	1808	0	0	0	9	17	16
k141_7345028	1809	0	0	0	9	18	16
k141_7345028	1810	0	0	0	9	18	17
k141_7345028	1811	0	0	0	8	18	17
k141_7345028	1812	0	0	0	8	17	17
k141_7345028	1813	0	0	0	8	17	17
k141_7345028	1814	0	0	0	7	17	17
k141_7345028	1815	0	0	0	7	17	17
k141_7345028	1816	0	0	0	7	16	19
k141_7345028	1817	0	0	0	6	13	16
k141_7345028	1818	0	0	0	6	13	16
k141_7345028	1819	0	0	0	6	13	15
k141_7345028	1820	0	0	0	6	13	16
k141_7345028	1821	0	0	0	7	13	16
k141_7345028	1822	0	0	0	7	12	16
k141_7345028	1823	0	0	0	7	12	16
k141_7345028	1824	0	0	0	8	13	16
k141_7345028	1825	0	0	0	9	14	16
k141_7345028	1826	0	0	0	9	14	16
k141_7345028	1827	0	0	0	9	14	16
k141_7345028	1828	0	0	0	9	14	16
k141_7345028	1829	0	0	0	9	14	16
k141_7345028	1830	0	0	0	9	14	16
k141_7345028	1831	0	0	0	9	14	16
k141_7345028	1832	0	0	0	9	14	18
k141_7345028	1833	0	0	0	9	14	18
k141_7345028	1834	0	0	0	9	15	18
k141_7345028	1835	0	0	0	10	15	18
k141_7345028	1836	0	0	0	10	15	18
k141_7345028	1837	0	0	0	10	15	18
k141_7345028	1838	0	0	0	10	15	18
k141_7345028	1839	0	0	0	10	15	18
k141_7345028	1840	0	0	0	10	15	18
k141_7345028	1841	0	0	0	10	15	18
k141_7345028	1842	0	0	0	10	15	18
k141_7345028	1843	0	0	0	10	14	18
k141_7345028	1844	0	0	0	10	14	18
k141_7345028	1845	0	0	0	10	14	18
k141_7345028	1846	0	0	0	10	14	18
k141_7345028	1847	0	0	0	11	14	18
k141_7345028	1848	0	0	0	11	13	18
k141_7345028	1849	0	0	0	11	13	18
k141_7345028	1850	0	0	0	11	13	18
k141_7345028	1851	0	0	0	11	13	19
k141_7345028	1852	0	0	0	11	13	19
k141_7345028	1853	0	0	0	11	13	19
k141_7345028	1854	0	0	0	11	13	19
k141_7345028	1855	0	0	0	12	13	21
k141_7345028	1856	0	0	0	12	11	19
k141_7345028	1857	0	0	0	12	11	19
k141_7345028	1858	0	0	0	12	11	19
k141_7345028	1859	0	0	0	12	10	19
k141_7345028	1860	0	0	0	12	10	19
k141_7345028	1861	0	0	0	12	10	19
k141_7345028	1862	0	0	0	12	10	19
k141_7345028	1863	0	0	0	13	11	19
k141_7345028	1864	0	0	0	14	11	19
k141_7345028	1865	0	0	0	14	11	18
k141_7345028	1866	0	0	0	14	11	19
k141_7345028	1867	0	0	0	14	11	19
k141_7345028	1868	0	0	0	14	11	19
k141_7345028	1869	0	0	0	14	11	19
k141_7345028	1870	0	0	0	14	11	19
k141_7345028	1871	0	0	0	14	11	19
k141_7345028	1872	0	0	0	16	11	20
k141_7345028	1873	0	0	0	16	11	19
k141_7345028	1874	0	0	0	16	11	20
k141_7345028	1875	0	0	0	16	11	20
k141_7345028	1876	0	0	0	16	11	20
k141_7345028	1877	0	0	0	16	11	20
k141_7345028	1878	0	0	0	16	11	20
k141_7345028	1879	0	0	0	16	11	20
k141_7345028	1880	0	0	0	16	11	20
k141_7345028	1881	0	0	0	16	11	20
k141_7345028	1882	0	0	0	15	10	20
k141_7345028	1883	0	0	0	15	10	20
k141_7345028	1884	0	0	0	15	10	21
k141_7345028	1885	0	0	0	15	10	21
k141_7345028	1886	0	0	0	15	10	21
k141_7345028	1887	0	0	0	15	10	21
k141_7345028	1888	0	0	0	15	10	21
k141_7345028	1889	0	0	0	15	10	21
k141_7345028	1890	0	0	0	15	10	22
k141_7345028	1891	0	0	0	15	10	22
k141_7345028	1892	0	0	0	15	10	22
k141_7345028	1893	0	0	0	15	10	22
k141_7345028	1894	0	0	0	15	10	22
k141_7345028	1895	0	0	0	15	10	21
k141_7345028	1896	0	0	0	15	12	22
k141_7345028	1897	0	0	0	15	12	23
k141_7345028	1898	0	0	0	15	12	23
k141_7345028	1899	0	0	0	16	12	24
k141_7345028	1900	0	0	0	16	12	24
k141_7345028	1901	0	0	0	16	12	24
k141_7345028	1902	0	0	0	15	12	24
k141_7345028	1903	0	0	0	15	12	24
k141_7345028	1904	0	0	0	16	12	24
k141_7345028	1905	0	0	0	16	12	24
k141_7345028	1906	0	0	0	16	12	24
k141_7345028	1907	0	0	0	16	11	24
k141_7345028	1908	0	0	0	16	11	24
k141_7345028	1909	0	0	0	16	12	24
k141_7345028	1910	0	0	0	16	12	24
k141_7345028	1911	0	0	0	17	12	24
k141_7345028	1912	0	0	0	17	12	24
k141_7345028	1913	0	0	0	18	12	24
k141_7345028	1914	0	0	0	18	12	25
k141_7345028	1915	0	0	0	18	12	25
k141_7345028	1916	0	0	0	18	12	25
k141_7345028	1917	0	0	0	17	12	25
k141_7345028	1918	0	0	0	17	12	25
k141_7345028	1919	0	0	0	16	10	24
k141_7345028	1920	0	0	0	16	10	24
k141_7345028	1921	0	0	0	16	10	24
k141_7345028	1922	0	0	0	16	10	24
k141_7345028	1923	0	0	0	16	10	24
k141_7345028	1924	0	0	0	16	10	24
k141_7345028	1925	0	0	0	16	10	24
k141_7345028	1926	0	0	0	16	10	24
k141_7345028	1927	0	0	0	15	10	23
k141_7345028	1928	0	0	0	15	10	22
k141_7345028	1929	0	0	0	15	10	22
k141_7345028	1930	0	0	0	15	10	21
k141_7345028	1931	0	0	0	15	10	21
k141_7345028	1932	0	0	0	15	10	21
k141_7345028	1933	0	0	0	15	11	21
k141_7345028	1934	0	0	0	16	11	21
k141_7345028	1935	0	0	0	15	11	21
k141_7345028	1936	0	0	0	15	12	21
k141_7345028	1937	0	0	0	15	12	20
k141_7345028	1938	0	0	0	15	15	20
k141_7345028	1939	0	0	0	15	15	20
k141_7345028	1940	0	0	0	15	15	20
k141_7345028	1941	0	0	0	15	15	20
k141_7345028	1942	0	0	0	15	17	23
k141_7345028	1943	0	0	0	15	18	23
k141_7345028	1944	0	0	0	15	17	23
k141_7345028	1945	0	0	0	15	18	22
k141_7345028	1946	0	0	0	15	19	22
k141_7345028	1947	0	0	0	15	20	23
k141_7345028	1948	0	0	0	15	20	23
k141_7345028	1949	0	0	0	15	21	23
k141_7345028	1950	0	0	0	15	21	23
k141_7345028	1951	0	0	0	15	20	23
k141_7345028	1952	0	0	0	15	20	22
k141_7345028	1953	0	0	0	15	20	22
k141_7345028	1954	0	0	0	16	20	22
k141_7345028	1955	0	0	0	16	20	22
k141_7345028	1956	0	0	0	16	20	21
k141_7345028	1957	0	0	0	16	20	21
k141_7345028	1958	0	0	0	16	20	19
k141_7345028	1959	0	0	0	16	20	19
k141_7345028	1960	0	0	0	16	20	19
k141_7345028	1961	0	0	0	16	20	20
k141_7345028	1962	0	0	0	16	19	19
k141_7345028	1963	0	0	0	16	19	19
k141_7345028	1964	0	0	0	16	19	19
k141_7345028	1965	0	0	0	16	19	19
k141_7345028	1966	0	0	0	15	18	19
k141_7345028	1967	0	0	0	14	17	19
k141_7345028	1968	0	0	0	15	17	19
k141_7345028	1969	0	0	0	15	17	19
k141_7345028	1970	0	0	0	15	17	19
k141_7345028	1971	0	0	0	15	17	19
k141_7345028	1972	0	0	0	15	17	19
k141_7345028	1973	0	0	0	15	17	19
k141_7345028	1974	0	0	0	15	17	17
k141_7345028	1975	0	0	0	15	17	17
k141_7345028	1976	0	0	0	15	17	17
k141_7345028	1977	0	0	0	14	18	17
k141_7345028	1978	0	0	0	14	18	17
k141_7345028	1979	0	0	0	14	18	17
k141_7345028	1980	0	0	0	14	18	17
k141_7345028	1981	0	0	0	14	18	18
k141_7345028	1982	0	0	0	14	18	18
k141_7345028	1983	0	0	0	14	18	18
k141_7345028	1984	0	0	0	14	19	18
k141_7345028	1985	0	0	0	14	19	18
k141_7345028	1986	0	0	0	14	19	20
k141_7345028	1987	0	0	0	14	19	20
k141_7345028	1988	0	0	0	14	19	20
k141_7345028	1989	0	0	0	14	19	20
k141_7345028	1990	0	0	0	14	20	20
k141_7345028	1991	0	0	0	14	21	20
k141_7345028	1992	0	0	0	14	21	20
k141_7345028	1993	0	0	0	14	22	19
k141_7345028	1994	0	0	0	14	22	19
k141_7345028	1995	0	0	0	14	22	19
k141_7345028	1996	0	0	0	14	22	19
k141_7345028	1997	0	0	0	13	22	17
k141_7345028	1998	0	0	0	13	23	17
k141_7345028	1999	0	0	0	13	23	17
k141_7345028	2000	0	0	0	13	23	17
k141_7345028	2001	0	0	0	13	23	17
k141_7345028	2002	0	0	0	13	23	17
k141_7345028	2003	0	0	0	13	23	17
k141_7345028	2004	0	0	0	13	23	17
k141_7345028	2005	0	0	0	12	22	17
k141_7345028	2006	0	0	0	11	22	17
k141_7345028	2007	0	0	0	11	22	17
k141_7345028	2008	0	0	0	11	22	17
k141_7345028	2009	0	0	0	11	22	17
k141_7345028	2010	0	0	0	11	22	17
k141_7345028	2011	0	0	0	11	22	17
k141_7345028	2012	0	0	0	11	22	17
k141_7345028	2013	0	0	0	11	22	17
k141_7345028	2014	0	0	0	9	22	16
k141_7345028	2015	0	0	0	9	22	16
k141_7345028	2016	0	0	0	9	22	15
k141_7345028	2017	0	0	0	9	22	15
k141_7345028	2018	0	0	0	9	22	15
k141_7345028	2019	0	0	0	9	22	15
k141_7345028	2020	0	0	0	9	22	15
k141_7345028	2021	0	0	0	9	22	15
k141_7345028	2022	0	0	0	9	22	15
k141_7345028	2023	0	0	0	9	22	16
k141_7345028	2024	0	0	0	9	22	16
k141_7345028	2025	0	0	0	9	22	16
k141_7345028	2026	0	0	0	9	22	15
k141_7345028	2027	0	0	0	9	22	18
k141_7345028	2028	0	0	0	9	22	18
k141_7345028	2029	0	0	0	10	22	18
k141_7345028	2030	0	0	0	10	22	18
k141_7345028	2031	0	0	0	10	22	18
k141_7345028	2032	0	0	0	10	23	18
k141_7345028	2033	0	0	0	10	23	18
k141_7345028	2034	0	0	0	10	25	18
k141_7345028	2035	0	0	0	10	25	18
k141_7345028	2036	0	0	0	10	26	18
k141_7345028	2037	0	0	0	10	26	18
k141_7345028	2038	0	0	0	10	24	17
k141_7345028	2039	0	0	0	10	24	17
k141_7345028	2040	0	0	0	10	24	17
k141_7345028	2041	0	0	0	9	24	16
k141_7345028	2042	0	0	0	9	25	16
k141_7345028	2043	0	0	0	9	25	16
k141_7345028	2044	0	0	0	9	25	16
k141_7345028	2045	0	0	0	9	25	16
k141_7345028	2046	0	0	0	8	25	16
k141_7345028	2047	0	0	0	8	25	16
k141_7345028	2048	0	0	0	8	25	16
k141_7345028	2049	0	0	0	8	25	16
k141_7345028	2050	0	0	0	8	25	16
k141_7345028	2051	0	0	0	8	24	16
k141_7345028	2052	0	0	0	8	23	16
k141_7345028	2053	0	0	0	7	23	16
k141_7345028	2054	0	0	0	7	23	16
k141_7345028	2055	0	0	0	6	23	16
k141_7345028	2056	0	0	0	6	23	15
k141_7345028	2057	0	0	0	6	23	15
k141_7345028	2058	0	0	0	6	23	15
k141_7345028	2059	0	0	0	6	23	15
k141_7345028	2060	0	0	0	6	23	15
k141_7345028	2061	0	0	0	6	23	15
k141_7345028	2062	0	0	0	6	23	14
k141_7345028	2063	0	0	0	6	23	14
k141_7345028	2064	0	0	0	6	23	14
k141_7345028	2065	0	0	0	6	23	14
k141_7345028	2066	0	0	0	6	23	14
k141_7345028	2067	0	0	0	6	23	14
k141_7345028	2068	0	0	0	6	23	14
k141_7345028	2069	0	0	0	6	23	14
k141_7345028	2070	0	0	0	6	23	14
k141_7345028	2071	0	0	0	8	23	14
k141_7345028	2072	0	0	0	8	23	14
k141_7345028	2073	0	0	0	8	23	14
k141_7345028	2074	0	0	0	8	23	14
k141_7345028	2075	0	0	0	8	23	15
k141_7345028	2076	0	0	0	7	23	15
k141_7345028	2077	0	0	0	8	23	16
k141_7345028	2078	0	0	0	9	23	16
k141_7345028	2079	0	0	0	9	23	16
k141_7345028	2080	0	0	0	9	20	16
k141_7345028	2081	0	0	0	9	20	16
k141_7345028	2082	0	0	0	9	20	16
k141_7345028	2083	0	0	0	9	19	17
k141_7345028	2084	0	0	0	9	17	14
k141_7345028	2085	0	0	0	9	17	14
k141_7345028	2086	0	0	0	9	16	14
k141_7345028	2087	0	0	0	9	16	14
k141_7345028	2088	0	0	0	9	15	14
k141_7345028	2089	0	0	0	9	14	13
k141_7345028	2090	0	0	0	10	15	13
k141_7345028	2091	0	0	0	10	13	13
k141_7345028	2092	0	0	0	10	13	13
k141_7345028	2093	0	0	0	10	13	13
k141_7345028	2094	0	0	0	10	13	13
k141_7345028	2095	0	0	0	10	13	13
k141_7345028	2096	0	0	0	9	13	13
k141_7345028	2097	0	0	0	9	13	14
k141_7345028	2098	0	0	0	9	14	14
k141_7345028	2099	0	0	0	9	15	14
k141_7345028	2100	0	0	0	9	15	14
k141_7345028	2101	0	0	0	9	15	14
k141_7345028	2102	0	0	0	9	15	14
k141_7345028	2103	0	0	0	9	15	13
k141_7345028	2104	0	0	0	9	15	13
k141_7345028	2105	0	0	0	8	15	13
k141_7345028	2106	0	0	0	8	15	13
k141_7345028	2107	0	0	0	8	16	13
k141_7345028	2108	0	0	0	8	17	13
k141_7345028	2109	0	0	0	8	17	13
k141_7345028	2110	0	0	0	7	17	13
k141_7345028	2111	0	0	0	7	17	13
k141_7345028	2112	0	0	0	7	17	13
k141_7345028	2113	0	0	0	7	17	13
k141_7345028	2114	0	0	0	7	17	13
k141_7345028	2115	0	0	0	7	17	13
k141_7345028	2116	0	0	0	7	17	13
k141_7345028	2117	0	0	0	7	17	14
k141_7345028	2118	0	0	0	7	17	14
k141_7345028	2119	0	0	0	7	16	14
k141_7345028	2120	0	0	0	7	16	14
k141_7345028	2121	0	0	0	7	16	15
k141_7345028	2122	0	0	0	7	16	15
k141_7345028	2123	0	0	0	7	16	14
k141_7345028	2124	0	0	0	7	16	14
k141_7345028	2125	0	0	0	7	16	14
k141_7345028	2126	0	0	0	7	15	15
k141_7345028	2127	0	0	0	7	15	16
k141_7345028	2128	0	0	0	7	15	14
k141_7345028	2129	0	0	0	7	15	14
k141_7345028	2130	0	0	0	8	15	14
k141_7345028	2131	0	0	0	7	15	15
k141_7345028	2132	0	0	0	7	15	15
k141_7345028	2133	0	0	0	7	14	15
k141_7345028	2134	0	0	0	7	14	15
k141_7345028	2135	0	0	0	7	13	15
k141_7345028	2136	0	0	0	7	13	15
k141_7345028	2137	0	0	0	7	13	15
k141_7345028	2138	0	0	0	7	13	15
k141_7345028	2139	0	0	0	7	14	15
k141_7345028	2140	0	0	0	7	14	15
k141_7345028	2141	0	0	0	7	14	15
k141_7345028	2142	0	0	0	7	14	15
k141_7345028	2143	0	0	0	7	14	15
k141_7345028	2144	0	0	0	7	14	15
k141_7345028	2145	0	0	0	7	14	15
k141_7345028	2146	0	0	0	7	14	15
k141_7345028	2147	0	0	0	7	14	15
k141_7345028	2148	0	0	0	7	14	15
k141_7345028	2149	0	0	0	7	14	15
k141_7345028	2150	0	0	0	7	14	15
k141_7345028	2151	0	0	0	7	14	15
k141_7345028	2152	0	0	0	7	14	15
k141_7345028	2153	0	0	0	7	14	15
k141_7345028	2154	0	0	0	7	14	15
k141_7345028	2155	0	0	0	7	14	15
k141_7345028	2156	0	0	0	7	14	15
k141_7345028	2157	0	0	0	7	16	15
k141_7345028	2158	0	0	0	7	16	15
k141_7345028	2159	0	0	0	7	16	15
k141_7345028	2160	0	0	0	7	16	15
k141_7345028	2161	0	0	0	7	16	15
k141_7345028	2162	0	0	0	7	16	15
k141_7345028	2163	0	0	0	7	16	15
k141_7345028	2164	0	0	0	7	16	15
k141_7345028	2165	0	0	0	7	16	14
k141_7345028	2166	0	0	0	7	16	14
k141_7345028	2167	0	0	0	7	16	14
k141_7345028	2168	0	0	0	7	16	14
k141_7345028	2169	0	0	0	7	15	11
k141_7345028	2170	0	0	0	7	15	11
k141_7345028	2171	0	0	0	6	15	11
k141_7345028	2172	0	0	0	6	15	11
k141_7345028	2173	0	0	0	6	15	11
k141_7345028	2174	0	0	0	6	14	10
k141_7345028	2175	0	0	0	6	14	10
k141_7345028	2176	0	0	0	8	12	12
k141_7345028	2177	0	0	0	8	11	12
k141_7345028	2178	0	0	0	8	11	13
k141_7345028	2179	0	0	0	8	11	13
k141_7345028	2180	0	0	0	8	11	13
k141_7345028	2181	0	0	0	8	11	12
k141_7345028	2182	0	0	0	9	11	12
k141_7345028	2183	0	0	0	9	11	12
k141_7345028	2184	0	0	0	9	10	12
k141_7345028	2185	0	0	0	9	10	12
k141_7345028	2186	0	0	0	9	10	12
k141_7345028	2187	0	0	0	9	11	14
k141_7345028	2188	0	0	0	10	11	15
k141_7345028	2189	0	0	0	10	11	15
k141_7345028	2190	0	0	0	10	11	15
k141_7345028	2191	0	0	0	10	11	16
k141_7345028	2192	0	0	0	10	11	16
k141_7345028	2193	0	0	0	10	12	16
k141_7345028	2194	0	0	0	10	12	16
k141_7345028	2195	0	0	0	10	12	16
k141_7345028	2196	2	0	0	10	12	16
k141_7345028	2197	2	0	0	10	12	16
k141_7345028	2198	2	0	0	10	12	16
k141_7345028	2199	2	0	0	10	12	16
k141_7345028	2200	2	0	0	10	12	16
k141_7345028	2201	2	0	0	10	12	16
k141_7345028	2202	2	0	0	10	12	17
k141_7345028	2203	2	0	0	10	12	17
k141_7345028	2204	2	0	0	10	12	17
k141_7345028	2205	2	0	0	10	12	17
k141_7345028	2206	2	0	0	10	12	17
k141_7345028	2207	2	0	0	10	12	17
k141_7345028	2208	2	0	0	10	12	17
k141_7345028	2209	2	0	0	10	12	17
k141_7345028	2210	2	0	0	10	12	17
k141_7345028	2211	2	0	0	10	12	17
k141_7345028	2212	2	0	0	10	12	17
k141_7345028	2213	2	0	0	8	12	17
k141_7345028	2214	2	0	0	8	12	17
k141_7345028	2215	0	0	0	8	12	17
k141_7345028	2216	0	0	0	8	12	17
k141_7345028	2217	0	0	0	8	11	16
k141_7345028	2218	0	0	0	8	12	16
k141_7345028	2219	0	0	0	7	12	15
k141_7345028	2220	0	0	0	6	11	15
k141_7345028	2221	0	0	0	6	11	15
k141_7345028	2222	0	0	0	6	11	15
k141_7345028	2223	0	0	0	6	11	15
k141_7345028	2224	0	0	0	8	11	16
k141_7345028	2225	0	0	0	8	11	15
k141_7345028	2226	0	0	0	10	11	16
k141_7345028	2227	0	0	0	10	10	16
k141_7345028	2228	0	0	0	10	10	16
k141_7345028	2229	0	0	0	10	10	16
k141_7345028	2230	0	0	0	10	10	16
k141_7345028	2231	0	0	0	10	10	16
k141_7345028	2232	0	0	0	11	9	16
k141_7345028	2233	0	0	0	11	9	16
k141_7345028	2234	0	0	0	11	9	16
k141_7345028	2235	0	0	0	11	8	16
k141_7345028	2236	0	0	0	11	8	16
k141_7345028	2237	0	0	0	11	8	17
k141_7345028	2238	0	0	0	11	8	17
k141_7345028	2239	0	0	0	11	9	16
k141_7345028	2240	0	0	0	11	8	16
k141_7345028	2241	0	0	0	11	8	16
k141_7345028	2242	0	0	0	11	9	16
k141_7345028	2243	0	0	0	11	9	16
k141_7345028	2244	0	2	0	9	11	16
k141_7345028	2245	0	2	0	9	11	16
k141_7345028	2246	0	2	0	9	11	16
k141_7345028	2247	0	2	0	9	11	16
k141_7345028	2248	0	2	0	9	11	16
k141_7345028	2249	0	2	0	9	11	16
k141_7345028	2250	0	2	0	10	10	16
k141_7345028	2251	0	2	0	8	10	16
k141_7345028	2252	0	2	0	8	10	16
k141_7345028	2253	0	2	0	8	10	16
k141_7345028	2254	0	2	0	8	10	16
k141_7345028	2255	0	2	0	9	11	17
k141_7345028	2256	0	2	0	9	11	17
k141_7345028	2257	0	2	0	9	11	18
k141_7345028	2258	0	2	0	9	11	18
k141_7345028	2259	0	2	0	9	11	17
k141_7345028	2260	0	2	0	9	11	17
k141_7345028	2261	0	2	0	9	11	17
k141_7345028	2262	0	2	0	9	11	17
k141_7345028	2263	0	0	0	9	10	16
k141_7345028	2264	0	0	0	9	11	18
k141_7345028	2265	0	0	0	9	10	18
k141_7345028	2266	0	0	0	11	10	18
k141_7345028	2267	0	0	0	11	10	18
k141_7345028	2268	0	0	0	11	10	17
k141_7345028	2269	0	0	0	11	10	17
k141_7345028	2270	0	0	0	11	10	17
k141_7345028	2271	0	0	0	11	10	17
k141_7345028	2272	0	0	0	10	10	17
k141_7345028	2273	0	0	0	10	10	16
k141_7345028	2274	0	0	0	10	10	16
k141_7345028	2275	0	0	0	10	10	16
k141_7345028	2276	0	0	0	10	10	16
k141_7345028	2277	0	0	0	10	10	16
k141_7345028	2278	0	0	0	10	10	16
k141_7345028	2279	0	0	0	11	10	16
k141_7345028	2280	0	0	0	11	10	16
k141_7345028	2281	0	0	0	11	9	16
k141_7345028	2282	0	0	0	11	9	16
k141_7345028	2283	2	5	0	13	9	16
k141_7345028	2284	2	6	0	13	9	18
k141_7345028	2285	2	6	0	13	9	18
k141_7345028	2286	2	6	0	13	9	18
k141_7345028	2287	2	6	0	13	9	18
k141_7345028	2288	2	6	0	13	9	18
k141_7345028	2289	2	6	0	13	9	18
k141_7345028	2290	2	6	0	13	9	18
k141_7345028	2291	2	6	0	13	9	18
k141_7345028	2292	2	6	0	13	10	18
k141_7345028	2293	2	6	0	13	10	18
k141_7345028	2294	2	6	0	13	10	18
k141_7345028	2295	2	6	0	13	10	18
k141_7345028	2296	2	6	0	13	11	18
k141_7345028	2297	2	6	0	13	11	18
k141_7345028	2298	2	6	0	13	11	18
k141_7345028	2299	2	6	0	13	9	18
k141_7345028	2300	2	6	0	13	9	18
k141_7345028	2301	2	6	0	13	9	18
k141_7345028	2302	2	6	0	11	9	18
k141_7345028	2303	2	6	0	11	9	16
k141_7345028	2304	0	0	0	11	9	16
k141_7345028	2305	0	0	0	11	9	16
k141_7345028	2306	0	0	0	11	9	16
k141_7345028	2307	0	0	0	11	9	16
k141_7345028	2308	0	0	0	11	9	16
k141_7345028	2309	0	0	0	11	9	16
k141_7345028	2310	0	0	0	11	11	16
k141_7345028	2311	0	0	0	11	11	16
k141_7345028	2312	0	0	0	11	11	16
k141_7345028	2313	0	0	0	12	11	16
k141_7345028	2314	0	0	0	12	11	16
k141_7345028	2315	0	0	0	12	11	16
k141_7345028	2316	0	0	0	12	12	16
k141_7345028	2317	0	0	0	12	12	16
k141_7345028	2318	0	0	0	13	12	14
k141_7345028	2319	0	0	0	13	12	14
k141_7345028	2320	0	0	0	13	12	13
k141_7345028	2321	0	0	0	16	12	13
k141_7345028	2322	0	0	0	16	12	13
k141_7345028	2323	0	0	0	16	13	14
k141_7345028	2324	0	0	0	15	13	14
k141_7345028	2325	0	0	0	15	13	14
k141_7345028	2326	0	0	0	15	13	14
k141_7345028	2327	0	0	0	15	13	14
k141_7345028	2328	0	0	0	15	13	14
k141_7345028	2329	0	0	0	15	12	12
k141_7345028	2330	0	0	0	14	12	11
k141_7345028	2331	0	0	0	14	13	11
k141_7345028	2332	0	0	0	14	13	11
k141_7345028	2333	0	0	0	14	13	10
k141_7345028	2334	0	0	0	14	13	10
k141_7345028	2335	0	0	0	14	12	10
k141_7345028	2336	0	0	0	14	12	10
k141_7345028	2337	0	0	0	15	14	11
k141_7345028	2338	0	0	0	15	14	11
k141_7345028	2339	0	0	0	16	15	11
k141_7345028	2340	0	0	0	16	15	11
k141_7345028	2341	0	0	0	16	15	11
k141_7345028	2342	0	0	0	16	15	11
k141_7345028	2343	0	0	0	16	15	11
k141_7345028	2344	0	0	0	16	15	10
k141_7345028	2345	0	0	0	16	15	10
k141_7345028	2346	0	0	0	16	15	10
k141_7345028	2347	0	0	0	16	15	11
k141_7345028	2348	0	0	0	16	15	11
k141_7345028	2349	0	0	0	16	15	11
k141_7345028	2350	0	0	0	16	15	11
k141_7345028	2351	0	0	0	16	15	11
k141_7345028	2352	0	0	0	16	15	11
k141_7345028	2353	0	0	0	16	15	11
k141_7345028	2354	0	0	0	16	15	11
k141_7345028	2355	0	0	0	16	15	11
k141_7345028	2356	0	0	0	16	15	11
k141_7345028	2357	0	0	0	16	15	11
k141_7345028	2358	0	0	0	16	15	11
k141_7345028	2359	0	0	0	16	15	11
k141_7345028	2360	0	0	0	16	14	11
k141_7345028	2361	0	0	0	16	14	11
k141_7345028	2362	0	0	0	17	15	12
k141_7345028	2363	0	0	0	17	15	12
k141_7345028	2364	0	0	0	17	15	12
k141_7345028	2365	0	0	0	17	15	12
k141_7345028	2366	0	0	0	17	15	11
k141_7345028	2367	0	0	0	17	15	11
k141_7345028	2368	0	0	0	15	15	10
k141_7345028	2369	0	0	0	15	15	10
k141_7345028	2370	0	0	0	15	15	11
k141_7345028	2371	0	0	0	15	15	11
k141_7345028	2372	0	0	0	15	15	11
k141_7345028	2373	0	0	0	15	15	11
k141_7345028	2374	0	0	0	15	15	11
k141_7345028	2375	0	0	0	15	16	11
k141_7345028	2376	0	0	0	15	17	11
k141_7345028	2377	0	0	0	15	17	11
k141_7345028	2378	0	0	0	15	17	11
k141_7345028	2379	0	0	0	15	17	10
k141_7345028	2380	0	0	0	15	17	10
k141_7345028	2381	0	0	0	15	16	10
k141_7345028	2382	0	0	0	15	16	10
k141_7345028	2383	0	0	0	15	16	10
k141_7345028	2384	0	0	0	16	15	10
k141_7345028	2385	0	0	0	16	15	10
k141_7345028	2386	0	0	0	17	15	10
k141_7345028	2387	0	0	0	17	15	10
k141_7345028	2388	0	0	0	17	15	10
k141_7345028	2389	0	0	0	17	15	10
k141_7345028	2390	0	0	0	17	15	10
k141_7345028	2391	0	0	0	17	16	10
k141_7345028	2392	0	0	0	17	16	10
k141_7345028	2393	0	0	0	17	16	10
k141_7345028	2394	0	0	0	17	16	10
k141_7345028	2395	0	0	0	17	16	10
k141_7345028	2396	0	0	0	17	16	10
k141_7345028	2397	0	0	0	16	14	9
k141_7345028	2398	0	0	0	17	14	9
k141_7345028	2399	0	0	0	17	16	8
k141_7345028	2400	0	0	0	17	17	8
k141_7345028	2401	0	0	0	17	17	8
k141_7345028	2402	0	0	0	17	17	8
k141_7345028	2403	0	0	0	17	17	8
k141_7345028	2404	0	0	0	17	17	10
k141_7345028	2405	0	0	0	17	16	10
k141_7345028	2406	0	0	0	17	15	8
k141_7345028	2407	0	0	0	17	15	8
k141_7345028	2408	0	0	0	15	15	8
k141_7345028	2409	0	0	0	15	15	8
k141_7345028	2410	0	0	0	15	15	8
k141_7345028	2411	0	0	0	15	15	7
k141_7345028	2412	0	0	0	15	15	7
k141_7345028	2413	0	0	0	15	15	8
k141_7345028	2414	0	2	0	15	15	8
k141_7345028	2415	0	2	0	16	15	8
k141_7345028	2416	0	2	0	16	15	8
k141_7345028	2417	0	2	0	16	15	8
k141_7345028	2418	0	2	0	16	15	8
k141_7345028	2419	0	2	0	16	15	8
k141_7345028	2420	0	2	0	16	15	8
k141_7345028	2421	0	2	0	15	15	8
k141_7345028	2422	0	2	0	15	15	8
k141_7345028	2423	0	2	0	15	15	8
k141_7345028	2424	0	2	0	15	15	8
k141_7345028	2425	0	2	0	15	15	8
k141_7345028	2426	0	2	0	15	15	8
k141_7345028	2427	0	2	0	15	15	8
k141_7345028	2428	0	2	0	15	15	8
k141_7345028	2429	0	2	0	15	15	8
k141_7345028	2430	0	2	0	15	15	8
k141_7345028	2431	0	2	0	15	15	8
k141_7345028	2432	0	2	0	15	15	8
k141_7345028	2433	0	0	0	15	15	8
k141_7345028	2434	0	0	0	15	14	8
k141_7345028	2435	0	0	0	15	15	8
k141_7345028	2436	0	0	0	15	15	8
k141_7345028	2437	0	0	0	15	15	8
k141_7345028	2438	0	0	0	14	14	8
k141_7345028	2439	0	0	0	14	14	8
k141_7345028	2440	0	0	0	14	14	8
k141_7345028	2441	0	0	0	14	14	8
k141_7345028	2442	0	0	0	14	14	8
k141_7345028	2443	0	0	0	14	14	8
k141_7345028	2444	0	0	0	15	15	8
k141_7345028	2445	0	0	0	16	16	8
k141_7345028	2446	0	0	0	17	18	8
k141_7345028	2447	0	0	0	17	18	8
k141_7345028	2448	0	0	0	17	18	8
k141_7345028	2449	0	0	0	17	18	8
k141_7345028	2450	0	0	0	17	18	8
k141_7345028	2451	0	0	0	19	18	9
k141_7345028	2452	0	0	0	19	16	9
k141_7345028	2453	0	0	0	19	16	9
k141_7345028	2454	0	0	0	20	16	9
k141_7345028	2455	0	0	0	20	16	9
k141_7345028	2456	0	0	0	20	16	9
k141_7345028	2457	0	0	0	20	16	9
k141_7345028	2458	0	0	0	20	15	9
k141_7345028	2459	0	0	0	20	17	9
k141_7345028	2460	0	0	0	18	17	9
k141_7345028	2461	0	0	0	18	17	9
k141_7345028	2462	0	0	0	18	17	9
k141_7345028	2463	0	0	0	16	17	9
k141_7345028	2464	0	0	0	16	17	9
k141_7345028	2465	0	0	0	16	16	8
k141_7345028	2466	0	0	0	16	16	8
k141_7345028	2467	0	0	0	16	16	8
k141_7345028	2468	0	0	0	16	16	8
k141_7345028	2469	0	0	0	16	16	8
k141_7345028	2470	0	0	0	16	16	8
k141_7345028	2471	0	0	0	16	16	8
k141_7345028	2472	0	0	0	17	16	8
k141_7345028	2473	0	0	0	17	16	8
k141_7345028	2474	0	0	0	17	16	9
k141_7345028	2475	0	0	0	17	16	9
k141_7345028	2476	0	0	0	17	18	10
k141_7345028	2477	0	0	0	17	18	10
k141_7345028	2478	0	0	0	17	18	11
k141_7345028	2479	0	0	0	16	16	10
k141_7345028	2480	0	0	0	16	16	10
k141_7345028	2481	0	0	0	15	16	11
k141_7345028	2482	0	0	0	15	16	11
k141_7345028	2483	0	0	0	15	16	11
k141_7345028	2484	0	0	0	15	16	11
k141_7345028	2485	0	0	0	15	16	15
k141_7345028	2486	0	0	0	15	16	15
k141_7345028	2487	0	0	0	15	18	15
k141_7345028	2488	0	0	0	15	18	15
k141_7345028	2489	0	0	0	15	18	14
k141_7345028	2490	0	0	0	16	18	14
k141_7345028	2491	0	0	0	16	18	14
k141_7345028	2492	0	0	0	16	18	14
k141_7345028	2493	0	0	0	16	18	14
k141_7345028	2494	0	0	0	16	18	14
k141_7345028	2495	0	0	0	17	18	14
k141_7345028	2496	0	0	0	17	18	14
k141_7345028	2497	0	2	0	17	19	14
k141_7345028	2498	0	4	0	17	19	14
k141_7345028	2499	0	4	0	17	19	14
k141_7345028	2500	0	4	0	17	19	14
k141_7345028	2501	0	4	0	17	19	14
k141_7345028	2502	0	4	0	17	19	14
k141_7345028	2503	0	4	0	17	19	14
k141_7345028	2504	0	4	0	15	18	13
k141_7345028	2505	0	4	0	15	18	13
k141_7345028	2506	0	4	0	15	17	13
k141_7345028	2507	0	4	0	15	17	13
k141_7345028	2508	0	4	0	15	17	16
k141_7345028	2509	0	4	0	15	17	16
k141_7345028	2510	0	4	0	15	17	16
k141_7345028	2511	0	4	0	15	17	16
k141_7345028	2512	0	4	0	15	17	15
k141_7345028	2513	0	4	0	15	17	15
k141_7345028	2514	0	4	0	15	16	15
k141_7345028	2515	0	4	0	15	16	15
k141_7345028	2516	0	4	0	15	16	15
k141_7345028	2517	0	3	0	15	15	15
k141_7345028	2518	0	2	0	15	14	15
k141_7345028	2519	0	0	0	15	14	15
k141_7345028	2520	0	0	0	15	14	16
k141_7345028	2521	0	0	0	15	14	16
k141_7345028	2522	0	0	0	15	14	16
k141_7345028	2523	0	0	0	15	14	17
k141_7345028	2524	0	0	0	15	14	17
k141_7345028	2525	0	0	0	15	15	17
k141_7345028	2526	0	0	0	14	15	18
k141_7345028	2527	0	0	0	14	15	18
k141_7345028	2528	0	0	0	13	16	18
k141_7345028	2529	0	0	0	13	16	18
k141_7345028	2530	0	0	0	13	16	18
k141_7345028	2531	0	0	0	13	17	19
k141_7345028	2532	0	0	0	13	17	19
k141_7345028	2533	0	0	0	14	18	20
k141_7345028	2534	0	0	0	14	19	20
k141_7345028	2535	0	0	0	15	19	20
k141_7345028	2536	0	0	0	15	19	20
k141_7345028	2537	0	0	0	15	19	20
k141_7345028	2538	0	0	0	15	19	20
k141_7345028	2539	0	0	0	15	20	21
k141_7345028	2540	0	0	0	14	20	21
k141_7345028	2541	0	0	0	14	19	21
k141_7345028	2542	0	0	0	14	19	22
k141_7345028	2543	0	0	0	14	19	22
k141_7345028	2544	0	0	0	14	19	22
k141_7345028	2545	0	0	0	14	19	23
k141_7345028	2546	0	0	0	14	19	21
k141_7345028	2547	0	0	0	14	19	21
k141_7345028	2548	0	0	0	15	19	21
k141_7345028	2549	0	0	0	15	19	21
k141_7345028	2550	0	0	0	15	19	21
k141_7345028	2551	0	0	0	15	19	21
k141_7345028	2552	0	0	0	15	19	21
k141_7345028	2553	0	0	0	15	19	21
k141_7345028	2554	0	0	0	15	19	21
k141_7345028	2555	0	0	0	16	19	20
k141_7345028	2556	0	0	0	16	19	20
k141_7345028	2557	0	0	0	15	19	20
k141_7345028	2558	0	0	0	15	19	20
k141_7345028	2559	0	0	0	15	19	20
k141_7345028	2560	0	0	0	15	19	20
k141_7345028	2561	0	0	0	15	19	20
k141_7345028	2562	0	0	0	15	19	20
k141_7345028	2563	0	0	0	15	19	20
k141_7345028	2564	0	0	0	15	19	20
k141_7345028	2565	0	0	0	15	19	20
k141_7345028	2566	0	0	0	15	19	20
k141_7345028	2567	0	0	0	15	19	20
k141_7345028	2568	0	0	0	15	19	20
k141_7345028	2569	0	0	0	15	19	20
k141_7345028	2570	0	0	0	15	20	21
k141_7345028	2571	0	0	0	15	20	21
k141_7345028	2572	0	0	0	15	20	21
k141_7345028	2573	0	0	0	15	20	21
k141_7345028	2574	0	0	0	15	20	21
k141_7345028	2575	0	0	0	15	21	22
k141_7345028	2576	0	0	0	15	22	22
k141_7345028	2577	0	0	0	15	21	22
k141_7345028	2578	0	0	0	15	21	23
k141_7345028	2579	0	0	0	15	21	23
k141_7345028	2580	0	0	0	15	21	23
k141_7345028	2581	0	0	0	15	21	23
k141_7345028	2582	0	0	0	15	21	23
k141_7345028	2583	0	0	0	15	21	23
k141_7345028	2584	0	0	0	15	21	23
k141_7345028	2585	0	0	0	15	21	23
k141_7345028	2586	0	0	0	15	20	23
k141_7345028	2587	0	0	0	14	19	23
k141_7345028	2588	0	0	0	13	17	23
k141_7345028	2589	0	0	0	13	17	23
k141_7345028	2590	0	0	0	13	17	23
k141_7345028	2591	0	0	0	13	17	23
k141_7345028	2592	0	0	0	13	17	23
k141_7345028	2593	0	0	0	11	17	23
k141_7345028	2594	0	0	0	11	17	23
k141_7345028	2595	0	0	0	11	17	23
k141_7345028	2596	0	0	0	10	18	23
k141_7345028	2597	0	0	0	10	18	23
k141_7345028	2598	0	0	0	10	19	24
k141_7345028	2599	0	0	0	10	19	24
k141_7345028	2600	0	0	0	10	19	24
k141_7345028	2601	0	0	0	10	17	24
k141_7345028	2602	0	0	0	9	17	24
k141_7345028	2603	0	0	0	9	17	24
k141_7345028	2604	0	0	0	9	17	24
k141_7345028	2605	0	0	0	9	17	24
k141_7345028	2606	0	0	0	9	16	25
k141_7345028	2607	0	0	0	9	16	25
k141_7345028	2608	0	0	0	9	16	25
k141_7345028	2609	0	0	0	9	16	25
k141_7345028	2610	0	2	0	9	16	25
k141_7345028	2611	0	2	0	9	16	25
k141_7345028	2612	0	2	0	9	16	25
k141_7345028	2613	0	2	0	9	16	25
k141_7345028	2614	0	2	0	8	15	25
k141_7345028	2615	0	2	0	8	16	25
k141_7345028	2616	0	2	0	8	16	25
k141_7345028	2617	0	2	0	8	16	25
k141_7345028	2618	0	2	0	8	13	24
k141_7345028	2619	0	2	0	8	13	24
k141_7345028	2620	0	2	0	8	13	23
k141_7345028	2621	0	2	0	9	13	23
k141_7345028	2622	0	2	0	9	14	23
k141_7345028	2623	0	2	0	11	15	22
k141_7345028	2624	0	2	0	11	15	22
k141_7345028	2625	0	2	0	13	16	22
k141_7345028	2626	0	2	0	13	15	22
k141_7345028	2627	0	2	0	13	15	19
k141_7345028	2628	0	2	0	13	15	19
k141_7345028	2629	0	0	0	13	13	19
k141_7345028	2630	0	0	0	13	13	19
k141_7345028	2631	0	0	0	13	13	19
k141_7345028	2632	0	0	0	12	13	19
k141_7345028	2633	0	0	0	12	13	19
k141_7345028	2634	0	0	0	12	15	19
k141_7345028	2635	0	0	0	12	15	20
k141_7345028	2636	0	0	0	12	15	20
k141_7345028	2637	0	0	0	11	15	20
k141_7345028	2638	0	0	0	11	15	20
k141_7345028	2639	0	0	0	12	14	20
k141_7345028	2640	0	0	0	12	14	21
k141_7345028	2641	0	0	0	12	14	21
k141_7345028	2642	0	0	0	12	14	21
k141_7345028	2643	0	0	0	12	14	21
k141_7345028	2644	0	0	0	12	15	21
k141_7345028	2645	0	0	0	12	15	21
k141_7345028	2646	0	0	0	12	15	21
k141_7345028	2647	0	0	0	12	15	21
k141_7345028	2648	0	0	0	12	15	21
k141_7345028	2649	0	0	0	12	15	21
k141_7345028	2650	0	0	0	16	15	18
k141_7345028	2651	0	0	0	16	15	19
k141_7345028	2652	0	0	0	16	15	19
k141_7345028	2653	0	0	0	16	15	19
k141_7345028	2654	0	0	0	16	15	19
k141_7345028	2655	0	0	0	16	15	19
k141_7345028	2656	0	0	0	16	15	19
k141_7345028	2657	0	0	0	17	15	19
k141_7345028	2658	0	0	0	17	15	19
k141_7345028	2659	0	0	0	17	15	19
k141_7345028	2660	0	0	0	18	15	19
k141_7345028	2661	0	0	0	18	15	19
k141_7345028	2662	0	0	0	18	16	18
k141_7345028	2663	0	0	0	18	16	18
k141_7345028	2664	0	0	0	18	16	18
k141_7345028	2665	0	0	0	18	16	18
k141_7345028	2666	0	0	0	18	16	18
k141_7345028	2667	0	0	0	19	15	18
k141_7345028	2668	0	0	0	19	15	17
k141_7345028	2669	0	0	0	19	15	17
k141_7345028	2670	0	0	0	19	14	17
k141_7345028	2671	0	0	0	19	14	17
k141_7345028	2672	0	0	0	19	14	18
k141_7345028	2673	0	0	0	19	14	17
k141_7345028	2674	0	0	0	19	15	18
k141_7345028	2675	0	0	0	18	13	16
k141_7345028	2676	0	0	0	18	13	16
k141_7345028	2677	0	0	0	17	13	16
k141_7345028	2678	0	0	0	17	13	16
k141_7345028	2679	0	0	0	17	13	16
k141_7345028	2680	0	0	0	17	13	16
k141_7345028	2681	0	0	0	17	13	15
k141_7345028	2682	0	0	0	17	14	16
k141_7345028	2683	0	0	0	17	13	15
k141_7345028	2684	0	0	0	17	13	14
k141_7345028	2685	0	0	0	17	13	14
k141_7345028	2686	0	0	0	17	14	15
k141_7345028	2687	0	0	0	17	15	14
k141_7345028	2688	0	0	0	17	15	14
k141_7345028	2689	0	0	0	17	17	14
k141_7345028	2690	0	0	0	16	17	14
k141_7345028	2691	0	0	0	16	17	14
k141_7345028	2692	0	0	0	16	17	16
k141_7345028	2693	0	0	0	16	17	16
k141_7345028	2694	0	0	0	16	17	16
k141_7345028	2695	0	0	0	16	17	16
k141_7345028	2696	0	0	0	16	17	16
k141_7345028	2697	0	0	0	15	19	16
k141_7345028	2698	0	0	0	15	19	16
k141_7345028	2699	0	0	0	15	19	17
k141_7345028	2700	0	0	0	15	19	17
k141_7345028	2701	0	0	0	15	19	17
k141_7345028	2702	0	0	0	15	19	17
k141_7345028	2703	0	0	0	15	19	17
k141_7345028	2704	0	0	0	15	19	17
k141_7345028	2705	0	0	0	15	19	17
k141_7345028	2706	0	0	0	15	19	17
k141_7345028	2707	0	0	0	15	19	17
k141_7345028	2708	0	0	0	15	19	17
k141_7345028	2709	0	0	0	15	19	17
k141_7345028	2710	0	0	0	15	19	17
k141_7345028	2711	0	0	0	15	19	17
k141_7345028	2712	0	0	0	15	18	15
k141_7345028	2713	0	0	0	15	19	15
k141_7345028	2714	0	0	0	15	19	16
k141_7345028	2715	0	0	0	15	19	16
k141_7345028	2716	0	0	0	16	19	16
k141_7345028	2717	0	0	0	16	18	15
k141_7345028	2718	0	0	0	16	17	15
k141_7345028	2719	0	0	0	16	17	15
k141_7345028	2720	0	0	0	16	17	15
k141_7345028	2721	0	0	0	16	18	15
k141_7345028	2722	0	0	0	16	18	15
k141_7345028	2723	0	0	0	17	18	15
k141_7345028	2724	0	0	0	18	18	16
k141_7345028	2725	0	0	0	18	19	17
k141_7345028	2726	0	0	0	18	19	17
k141_7345028	2727	0	0	0	18	19	17
k141_7345028	2728	0	0	0	17	19	16
k141_7345028	2729	0	0	0	18	19	16
k141_7345028	2730	0	0	0	17	19	16
k141_7345028	2731	0	0	0	17	19	16
k141_7345028	2732	0	0	0	17	19	16
k141_7345028	2733	0	0	0	17	19	16
k141_7345028	2734	0	0	0	17	19	16
k141_7345028	2735	0	0	0	17	19	16
k141_7345028	2736	0	0	0	17	19	15
k141_7345028	2737	0	0	0	18	19	15
k141_7345028	2738	0	0	0	18	18	15
k141_7345028	2739	0	0	0	18	18	15
k141_7345028	2740	0	0	0	18	17	14
k141_7345028	2741	0	0	0	18	17	14
k141_7345028	2742	0	0	0	18	17	14
k141_7345028	2743	0	0	0	18	17	14
k141_7345028	2744	0	0	0	18	17	13
k141_7345028	2745	0	0	0	18	17	13
k141_7345028	2746	0	0	0	18	17	13
k141_7345028	2747	0	0	0	18	17	14
k141_7345028	2748	0	0	0	18	17	13
k141_7345028	2749	0	0	0	18	17	13
k141_7345028	2750	0	0	0	18	17	13
k141_7345028	2751	0	0	0	18	17	13
k141_7345028	2752	0	0	0	19	17	13
k141_7345028	2753	0	0	0	19	17	13
k141_7345028	2754	0	0	0	19	17	13
k141_7345028	2755	0	0	0	19	18	14
k141_7345028	2756	0	0	0	19	18	14
k141_7345028	2757	0	0	0	19	18	15
k141_7345028	2758	0	0	0	19	18	14
k141_7345028	2759	0	0	0	19	18	14
k141_7345028	2760	0	0	0	19	18	14
k141_7345028	2761	0	0	0	20	19	14
k141_7345028	2762	0	0	0	20	19	14
k141_7345028	2763	0	0	0	19	19	14
k141_7345028	2764	0	0	0	19	18	14
k141_7345028	2765	0	0	0	17	19	14
k141_7345028	2766	0	0	0	17	19	14
k141_7345028	2767	0	0	0	15	18	14
k141_7345028	2768	0	0	0	15	18	14
k141_7345028	2769	0	0	0	15	18	14
k141_7345028	2770	0	0	0	15	18	14
k141_7345028	2771	0	0	0	15	18	15
k141_7345028	2772	0	0	0	15	18	15
k141_7345028	2773	0	0	0	15	18	15
k141_7345028	2774	0	0	0	15	18	15
k141_7345028	2775	0	0	0	15	18	15
k141_7345028	2776	0	0	0	15	16	15
k141_7345028	2777	0	0	0	15	16	15
k141_7345028	2778	0	0	0	15	16	15
k141_7345028	2779	0	0	0	15	16	15
k141_7345028	2780	0	0	0	15	16	15
k141_7345028	2781	0	0	0	14	16	15
k141_7345028	2782	0	0	0	14	16	14
k141_7345028	2783	0	0	0	14	16	14
k141_7345028	2784	0	0	0	14	16	14
k141_7345028	2785	0	0	0	14	16	14
k141_7345028	2786	0	0	0	14	15	14
k141_7345028	2787	0	0	0	14	15	14
k141_7345028	2788	0	0	0	14	15	14
k141_7345028	2789	0	0	0	14	15	14
k141_7345028	2790	0	0	0	14	15	16
k141_7345028	2791	0	0	0	14	15	16
k141_7345028	2792	0	0	0	10	15	15
k141_7345028	2793	0	0	0	10	15	15
k141_7345028	2794	0	0	0	10	15	15
k141_7345028	2795	0	0	0	10	15	15
k141_7345028	2796	0	0	0	10	15	15
k141_7345028	2797	0	0	0	10	15	15
k141_7345028	2798	0	0	0	10	15	15
k141_7345028	2799	0	0	0	9	15	16
k141_7345028	2800	0	0	0	9	15	15
k141_7345028	2801	0	0	0	9	15	15
k141_7345028	2802	0	0	0	8	14	15
k141_7345028	2803	0	0	0	9	14	15
k141_7345028	2804	0	0	0	9	13	15
k141_7345028	2805	0	0	0	9	13	15
k141_7345028	2806	0	0	0	9	13	15
k141_7345028	2807	0	0	0	9	13	14
k141_7345028	2808	0	0	0	9	13	14
k141_7345028	2809	0	0	0	8	13	14
k141_7345028	2810	0	0	0	8	12	14
k141_7345028	2811	0	0	0	9	15	15
k141_7345028	2812	0	0	0	9	15	15
k141_7345028	2813	0	0	0	10	15	15
k141_7345028	2814	0	0	0	10	16	15
k141_7345028	2815	0	0	0	10	16	15
k141_7345028	2816	0	0	0	10	16	15
k141_7345028	2817	0	0	0	10	16	15
k141_7345028	2818	0	0	0	10	16	15
k141_7345028	2819	0	0	0	10	16	15
k141_7345028	2820	0	0	0	10	16	15
k141_7345028	2821	0	0	0	10	17	15
k141_7345028	2822	0	0	0	10	17	15
k141_7345028	2823	0	0	0	10	17	16
k141_7345028	2824	0	0	0	11	17	16
k141_7345028	2825	0	0	0	11	17	16
k141_7345028	2826	0	0	0	12	17	17
k141_7345028	2827	0	0	0	12	17	17
k141_7345028	2828	0	0	0	10	16	16
k141_7345028	2829	0	0	0	10	15	16
k141_7345028	2830	0	0	0	10	15	16
k141_7345028	2831	0	0	0	10	13	16
k141_7345028	2832	0	0	0	10	13	16
k141_7345028	2833	0	0	0	10	12	16
k141_7345028	2834	0	0	0	10	12	15
k141_7345028	2835	0	0	0	10	12	15
k141_7345028	2836	0	0	0	8	12	15
k141_7345028	2837	0	0	0	8	12	15
k141_7345028	2838	0	0	0	9	13	15
k141_7345028	2839	0	0	0	9	11	15
k141_7345028	2840	0	0	0	10	11	15
k141_7345028	2841	0	0	0	10	11	14
k141_7345028	2842	0	0	0	10	11	13
k141_7345028	2843	0	0	0	10	11	13
k141_7345028	2844	0	0	0	10	11	14
k141_7345028	2845	0	0	0	10	11	14
k141_7345028	2846	0	0	0	10	11	14
k141_7345028	2847	0	0	0	10	11	14
k141_7345028	2848	0	0	0	10	11	14
k141_7345028	2849	0	0	0	10	11	14
k141_7345028	2850	0	0	0	10	11	14
k141_7345028	2851	0	0	0	10	11	14
k141_7345028	2852	0	0	0	10	11	14
k141_7345028	2853	0	0	0	10	11	14
k141_7345028	2854	0	0	0	10	11	14
k141_7345028	2855	0	0	0	10	11	14
k141_7345028	2856	0	0	0	10	11	13
k141_7345028	2857	0	0	0	10	11	13
k141_7345028	2858	0	0	0	10	11	13
k141_7345028	2859	0	0	0	11	11	13
k141_7345028	2860	0	0	0	11	11	13
k141_7345028	2861	0	0	0	12	11	13
k141_7345028	2862	0	0	0	12	11	13
k141_7345028	2863	0	0	0	12	11	13
k141_7345028	2864	0	0	0	12	11	13
k141_7345028	2865	0	0	0	10	11	13
k141_7345028	2866	0	0	0	10	11	13
k141_7345028	2867	0	0	0	10	10	12
k141_7345028	2868	0	0	0	10	10	12
k141_7345028	2869	0	0	0	10	10	12
k141_7345028	2870	0	0	0	10	10	13
k141_7345028	2871	0	0	0	10	10	13
k141_7345028	2872	0	0	0	10	10	13
k141_7345028	2873	0	0	0	9	10	13
k141_7345028	2874	0	0	0	9	11	13
k141_7345028	2875	0	0	0	9	11	13
k141_7345028	2876	0	0	0	9	11	13
k141_7345028	2877	0	0	0	10	11	12
k141_7345028	2878	0	0	0	10	11	12
k141_7345028	2879	0	0	0	10	11	12
k141_7345028	2880	0	0	0	10	11	12
k141_7345028	2881	0	0	0	10	12	12
k141_7345028	2882	0	0	0	10	12	12
k141_7345028	2883	0	0	0	10	12	12
k141_7345028	2884	0	0	0	10	12	12
k141_7345028	2885	0	0	0	10	12	12
k141_7345028	2886	0	0	0	10	12	12
k141_7345028	2887	0	0	0	10	12	12
k141_7345028	2888	0	0	0	10	12	12
k141_7345028	2889	0	0	0	10	12	12
k141_7345028	2890	0	0	0	10	12	12
k141_7345028	2891	0	0	0	11	12	13
k141_7345028	2892	0	0	0	11	12	13
k141_7345028	2893	0	0	0	11	12	13
k141_7345028	2894	0	0	0	10	12	13
k141_7345028	2895	0	0	0	10	12	13
k141_7345028	2896	0	0	0	10	12	13
k141_7345028	2897	0	0	0	10	11	13
k141_7345028	2898	0	0	0	10	11	13
k141_7345028	2899	0	0	0	10	11	13
k141_7345028	2900	0	0	0	10	11	13
k141_7345028	2901	0	0	0	10	11	13
k141_7345028	2902	0	0	0	10	11	13
k141_7345028	2903	0	0	0	9	10	13
k141_7345028	2904	0	0	0	9	10	13
k141_7345028	2905	0	0	0	9	10	13
k141_7345028	2906	0	0	0	9	10	13
k141_7345028	2907	0	0	0	9	9	13
k141_7345028	2908	0	0	0	9	9	14
k141_7345028	2909	0	0	0	9	10	14
k141_7345028	2910	0	0	0	11	10	14
k141_7345028	2911	0	0	0	11	10	14
k141_7345028	2912	0	0	0	11	10	14
k141_7345028	2913	0	0	0	11	10	13
k141_7345028	2914	0	0	0	11	10	13
k141_7345028	2915	0	0	0	11	10	13
k141_7345028	2916	0	0	0	11	10	14
k141_7345028	2917	0	0	0	11	12	15
k141_7345028	2918	0	0	0	12	12	15
k141_7345028	2919	0	0	0	12	12	15
k141_7345028	2920	0	0	0	12	12	15
k141_7345028	2921	0	0	0	12	12	15
k141_7345028	2922	0	0	0	12	12	15
k141_7345028	2923	0	0	0	12	12	15
k141_7345028	2924	0	0	0	12	12	15
k141_7345028	2925	0	0	0	12	13	15
k141_7345028	2926	0	0	0	12	13	15
k141_7345028	2927	0	0	0	12	13	15
k141_7345028	2928	0	0	0	12	13	15
k141_7345028	2929	0	0	0	12	13	15
k141_7345028	2930	0	0	0	12	13	15
k141_7345028	2931	0	0	0	12	13	15
k141_7345028	2932	0	0	0	12	14	13
k141_7345028	2933	0	0	0	12	14	13
k141_7345028	2934	0	0	0	12	14	13
k141_7345028	2935	0	0	0	12	14	13
k141_7345028	2936	0	0	0	12	14	13
k141_7345028	2937	0	0	0	12	14	13
k141_7345028	2938	0	0	0	12	14	13
k141_7345028	2939	0	0	0	12	14	13
k141_7345028	2940	0	0	0	12	15	13
k141_7345028	2941	0	0	0	12	15	12
k141_7345028	2942	0	0	0	12	15	12
k141_7345028	2943	0	0	0	12	15	12
k141_7345028	2944	0	0	0	12	15	12
k141_7345028	2945	0	0	0	12	15	12
k141_7345028	2946	0	0	0	12	15	12
k141_7345028	2947	0	0	0	12	15	13
k141_7345028	2948	0	0	0	12	15	13
k141_7345028	2949	0	0	0	12	15	13
k141_7345028	2950	0	0	0	12	15	13
k141_7345028	2951	0	0	0	12	15	13
k141_7345028	2952	0	0	0	12	15	13
k141_7345028	2953	0	0	0	12	13	12
k141_7345028	2954	0	0	0	12	13	12
k141_7345028	2955	0	0	0	11	13	12
k141_7345028	2956	0	0	0	11	12	11
k141_7345028	2957	0	0	0	11	12	11
k141_7345028	2958	0	0	0	11	12	11
k141_7345028	2959	0	0	0	11	12	11
k141_7345028	2960	0	0	0	12	12	11
k141_7345028	2961	0	0	0	13	12	11
k141_7345028	2962	0	0	0	13	12	11
k141_7345028	2963	0	0	0	13	11	11
k141_7345028	2964	0	0	0	13	11	11
k141_7345028	2965	0	0	0	13	11	10
k141_7345028	2966	0	0	0	12	11	10
k141_7345028	2967	0	0	0	12	11	10
k141_7345028	2968	0	0	0	11	11	9
k141_7345028	2969	0	0	0	11	11	9
k141_7345028	2970	0	0	0	11	11	9
k141_7345028	2971	0	0	0	11	11	9
k141_7345028	2972	0	0	0	11	11	10
k141_7345028	2973	0	0	0	11	11	11
k141_7345028	2974	0	0	0	11	11	11
k141_7345028	2975	0	0	0	11	11	11
k141_7345028	2976	0	0	0	11	11	11
k141_7345028	2977	0	0	0	11	11	11
k141_7345028	2978	0	0	0	11	12	11
k141_7345028	2979	0	0	0	11	12	11
k141_7345028	2980	0	0	0	10	11	11
k141_7345028	2981	0	0	0	10	11	11
k141_7345028	2982	0	0	0	9	12	11
k141_7345028	2983	0	0	0	9	11	11
k141_7345028	2984	0	0	0	9	11	11
k141_7345028	2985	0	0	0	9	11	11
k141_7345028	2986	0	0	0	9	11	10
k141_7345028	2987	0	0	0	9	11	10
k141_7345028	2988	0	0	0	9	11	11
k141_7345028	2989	0	0	0	9	11	11
k141_7345028	2990	0	0	0	9	11	11
k141_7345028	2991	0	0	0	9	11	14
k141_7345028	2992	0	0	0	10	11	14
k141_7345028	2993	0	0	0	10	11	14
k141_7345028	2994	0	0	0	9	11	14
k141_7345028	2995	0	0	0	9	11	14
k141_7345028	2996	0	0	0	9	11	14
k141_7345028	2997	0	0	0	9	11	14
k141_7345028	2998	0	0	0	11	12	14
k141_7345028	2999	0	0	0	12	14	14
k141_7345028	3000	0	0	0	12	15	14
k141_7345028	3001	0	0	0	11	15	14
k141_7345028	3002	0	0	0	10	14	14
k141_7345028	3003	0	0	0	10	14	14
k141_7345028	3004	0	0	0	10	14	14
k141_7345028	3005	0	0	0	10	14	14
k141_7345028	3006	0	0	0	11	14	14
k141_7345028	3007	0	0	0	11	14	14
k141_7345028	3008	0	0	0	12	15	14
k141_7345028	3009	0	0	0	12	15	14
k141_7345028	3010	0	0	0	12	15	14
k141_7345028	3011	0	0	0	12	15	14
k141_7345028	3012	0	0	0	12	15	13
k141_7345028	3013	0	0	0	12	15	13
k141_7345028	3014	0	0	0	14	15	13
k141_7345028	3015	0	0	0	15	15	13
k141_7345028	3016	0	0	0	16	14	13
k141_7345028	3017	0	0	0	16	14	13
k141_7345028	3018	0	0	0	16	14	13
k141_7345028	3019	0	0	0	15	14	13
k141_7345028	3020	0	0	0	15	14	13
k141_7345028	3021	0	0	0	15	14	15
k141_7345028	3022	0	0	0	15	14	15
k141_7345028	3023	0	0	0	15	13	15
k141_7345028	3024	0	0	0	15	13	15
k141_7345028	3025	0	0	0	15	13	15
k141_7345028	3026	0	0	0	16	13	15
k141_7345028	3027	0	0	0	16	13	14
k141_7345028	3028	0	0	0	16	13	14
k141_7345028	3029	0	0	0	17	13	15
k141_7345028	3030	0	0	0	17	13	15
k141_7345028	3031	0	0	0	17	13	15
k141_7345028	3032	0	0	0	17	13	15
k141_7345028	3033	0	0	0	16	13	14
k141_7345028	3034	0	0	0	16	13	14
k141_7345028	3035	0	0	0	14	13	13
k141_7345028	3036	0	0	0	14	13	13
k141_7345028	3037	0	0	0	14	12	13
k141_7345028	3038	0	0	0	14	12	13
k141_7345028	3039	0	0	0	15	12	13
k141_7345028	3040	0	0	0	15	14	13
k141_7345028	3041	0	0	0	15	15	12
k141_7345028	3042	0	0	0	15	15	12
k141_7345028	3043	0	0	0	16	15	12
k141_7345028	3044	0	0	0	16	15	12
k141_7345028	3045	0	0	0	16	14	12
k141_7345028	3046	0	0	0	17	14	12
k141_7345028	3047	0	0	0	17	14	12
k141_7345028	3048	0	0	0	17	14	12
k141_7345028	3049	0	0	0	17	14	13
k141_7345028	3050	0	0	0	17	14	13
k141_7345028	3051	0	0	0	17	14	13
k141_7345028	3052	0	0	0	16	14	13
k141_7345028	3053	0	0	0	16	14	13
k141_7345028	3054	0	0	0	16	14	13
k141_7345028	3055	0	0	0	16	15	13
k141_7345028	3056	0	0	0	16	15	13
k141_7345028	3057	0	0	0	16	15	13
k141_7345028	3058	0	0	0	16	15	13
k141_7345028	3059	0	0	0	16	15	12
k141_7345028	3060	0	0	0	16	15	12
k141_7345028	3061	0	0	0	16	15	12
k141_7345028	3062	0	0	0	16	15	12
k141_7345028	3063	0	0	0	16	15	12
k141_7345028	3064	0	0	0	16	15	12
k141_7345028	3065	0	0	0	16	15	12
k141_7345028	3066	0	0	0	16	15	12
k141_7345028	3067	0	0	0	16	15	12
k141_7345028	3068	0	0	0	16	15	12
k141_7345028	3069	0	0	0	16	15	12
k141_7345028	3070	0	0	0	16	15	12
k141_7345028	3071	0	0	0	16	15	12
k141_7345028	3072	0	0	0	16	15	12
k141_7345028	3073	0	0	0	18	15	12
k141_7345028	3074	0	0	0	18	14	12
k141_7345028	3075	0	0	0	18	14	12
k141_7345028	3076	0	0	0	18	15	12
k141_7345028	3077	0	0	0	19	15	12
k141_7345028	3078	0	0	0	19	15	12
k141_7345028	3079	0	0	0	19	15	12
k141_7345028	3080	0	0	0	19	15	12
k141_7345028	3081	0	0	0	22	15	12
k141_7345028	3082	0	0	0	22	14	12
k141_7345028	3083	0	0	0	22	14	12
k141_7345028	3084	0	0	0	22	14	13
k141_7345028	3085	0	0	0	22	14	13
k141_7345028	3086	0	0	0	22	14	13
k141_7345028	3087	0	0	0	22	14	13
k141_7345028	3088	0	0	0	22	14	14
k141_7345028	3089	0	0	0	22	14	13
k141_7345028	3090	0	0	0	22	14	13
k141_7345028	3091	0	0	0	22	14	13
k141_7345028	3092	0	0	0	22	14	13
k141_7345028	3093	0	0	0	22	14	13
k141_7345028	3094	0	0	0	22	14	14
k141_7345028	3095	0	0	0	22	13	14
k141_7345028	3096	0	0	0	22	13	14
k141_7345028	3097	0	0	0	22	13	15
k141_7345028	3098	0	0	0	22	13	15
k141_7345028	3099	0	0	0	22	13	15
k141_7345028	3100	0	0	0	22	13	15
k141_7345028	3101	0	0	0	22	13	15
k141_7345028	3102	0	0	0	21	13	15
k141_7345028	3103	0	0	0	20	13	15
k141_7345028	3104	0	0	0	21	13	15
k141_7345028	3105	0	0	0	21	13	15
k141_7345028	3106	0	0	0	21	13	15
k141_7345028	3107	0	0	0	21	13	15
k141_7345028	3108	0	0	0	21	13	15
k141_7345028	3109	0	0	0	21	13	15
k141_7345028	3110	0	0	0	22	13	15
k141_7345028	3111	0	0	0	22	14	15
k141_7345028	3112	0	0	0	22	14	15
k141_7345028	3113	0	0	0	22	14	15
k141_7345028	3114	0	0	0	22	14	15
k141_7345028	3115	0	0	0	22	14	14
k141_7345028	3116	0	0	0	22	14	14
k141_7345028	3117	0	0	0	22	14	14
k141_7345028	3118	0	0	0	22	14	14
k141_7345028	3119	0	0	0	22	14	14
k141_7345028	3120	0	0	0	22	13	14
k141_7345028	3121	0	0	0	22	13	14
k141_7345028	3122	0	0	0	22	13	14
k141_7345028	3123	0	0	0	22	13	14
k141_7345028	3124	0	0	0	22	11	14
k141_7345028	3125	0	0	0	22	12	14
k141_7345028	3126	0	0	0	22	12	14
k141_7345028	3127	0	0	0	22	12	14
k141_7345028	3128	0	0	0	21	12	14
k141_7345028	3129	0	0	0	21	12	14
k141_7345028	3130	0	0	0	21	12	13
k141_7345028	3131	0	0	0	21	12	13
k141_7345028	3132	0	0	0	21	11	13
k141_7345028	3133	0	0	0	21	11	10
k141_7345028	3134	0	0	0	20	11	10
k141_7345028	3135	0	0	0	20	11	10
k141_7345028	3136	0	0	0	19	11	10
k141_7345028	3137	0	0	0	19	11	11
k141_7345028	3138	0	0	0	19	11	11
k141_7345028	3139	0	0	0	18	11	11
k141_7345028	3140	0	0	0	16	10	11
k141_7345028	3141	0	0	0	15	8	11
k141_7345028	3142	0	0	0	15	8	11
k141_7345028	3143	0	0	0	15	8	11
k141_7345028	3144	0	0	0	15	8	11
k141_7345028	3145	0	0	0	14	8	11
k141_7345028	3146	0	0	0	14	8	11
k141_7345028	3147	0	0	0	14	8	12
k141_7345028	3148	0	0	0	13	8	12
k141_7345028	3149	0	0	0	14	8	12
k141_7345028	3150	0	0	0	13	8	11
k141_7345028	3151	0	0	0	13	8	11
k141_7345028	3152	0	0	0	13	7	12
k141_7345028	3153	0	0	0	13	7	12
k141_7345028	3154	0	0	0	13	7	13
k141_7345028	3155	0	0	0	13	7	13
k141_7345028	3156	0	0	0	13	7	14
k141_7345028	3157	0	0	0	12	7	14
k141_7345028	3158	0	0	0	11	7	14
k141_7345028	3159	0	0	0	11	10	14
k141_7345028	3160	0	0	0	11	10	14
k141_7345028	3161	0	0	0	11	10	14
k141_7345028	3162	0	0	0	11	10	14
k141_7345028	3163	0	0	0	11	10	12
k141_7345028	3164	0	0	0	12	10	12
k141_7345028	3165	0	0	0	13	10	12
k141_7345028	3166	0	0	0	13	10	12
k141_7345028	3167	0	0	0	13	10	12
k141_7345028	3168	0	0	0	12	10	12
k141_7345028	3169	0	0	0	12	10	12
k141_7345028	3170	0	0	0	12	11	13
k141_7345028	3171	0	0	0	11	11	12
k141_7345028	3172	0	0	0	12	11	12
k141_7345028	3173	0	0	0	12	11	12
k141_7345028	3174	0	0	0	12	11	12
k141_7345028	3175	0	0	0	12	11	12
k141_7345028	3176	0	0	0	12	11	12
k141_7345028	3177	0	0	0	12	12	12
k141_7345028	3178	0	0	0	13	12	13
k141_7345028	3179	0	0	0	13	12	13
k141_7345028	3180	0	0	0	14	13	14
k141_7345028	3181	0	0	0	13	13	14
k141_7345028	3182	0	0	0	13	11	14
k141_7345028	3183	0	0	0	13	10	14
k141_7345028	3184	0	0	0	13	10	14
k141_7345028	3185	0	0	0	12	10	14
k141_7345028	3186	0	0	0	12	10	14
k141_7345028	3187	0	0	0	12	10	14
k141_7345028	3188	0	0	0	12	10	14
k141_7345028	3189	0	0	0	12	10	14
k141_7345028	3190	0	0	0	12	10	15
k141_7345028	3191	0	0	0	12	12	14
k141_7345028	3192	0	0	0	12	12	14
k141_7345028	3193	0	0	0	12	12	14
k141_7345028	3194	0	0	0	12	12	14
k141_7345028	3195	0	0	0	12	12	15
k141_7345028	3196	0	0	0	12	12	15
k141_7345028	3197	0	0	0	12	11	15
k141_7345028	3198	0	0	0	12	11	15
k141_7345028	3199	0	0	0	12	11	15
k141_7345028	3200	0	0	0	12	12	15
k141_7345028	3201	0	0	0	12	12	15
k141_7345028	3202	0	0	0	12	12	15
k141_7345028	3203	0	0	0	12	12	15
k141_7345028	3204	0	0	0	12	12	15
k141_7345028	3205	0	0	0	12	12	15
k141_7345028	3206	0	0	0	12	12	15
k141_7345028	3207	0	0	0	12	12	15
k141_7345028	3208	0	0	0	12	12	15
k141_7345028	3209	0	0	0	12	12	15
k141_7345028	3210	0	0	0	12	10	15
k141_7345028	3211	0	0	0	12	10	16
k141_7345028	3212	0	0	0	12	10	16
k141_7345028	3213	0	0	0	13	10	16
k141_7345028	3214	0	0	0	13	10	16
k141_7345028	3215	0	0	0	13	10	16
k141_7345028	3216	0	0	0	13	10	16
k141_7345028	3217	0	0	0	13	10	16
k141_7345028	3218	0	0	0	14	9	16
k141_7345028	3219	0	0	0	13	9	16
k141_7345028	3220	0	0	0	13	9	16
k141_7345028	3221	0	0	0	13	9	16
k141_7345028	3222	0	0	0	13	9	16
k141_7345028	3223	0	0	0	13	9	16
k141_7345028	3224	0	0	0	13	9	16
k141_7345028	3225	0	0	0	13	9	16
k141_7345028	3226	0	0	0	13	9	15
k141_7345028	3227	0	0	0	13	9	15
k141_7345028	3228	0	0	0	13	9	15
k141_7345028	3229	0	0	0	13	9	15
k141_7345028	3230	0	0	0	13	9	14
k141_7345028	3231	0	0	0	14	9	14
k141_7345028	3232	0	0	0	14	9	14
k141_7345028	3233	0	0	0	14	9	14
k141_7345028	3234	0	0	0	14	9	14
k141_7345028	3235	0	0	0	14	9	14
k141_7345028	3236	0	0	0	14	9	14
k141_7345028	3237	0	0	0	14	9	14
k141_7345028	3238	0	0	0	14	9	14
k141_7345028	3239	0	0	0	14	9	13
k141_7345028	3240	0	0	0	14	9	13
k141_7345028	3241	0	0	0	14	9	13
k141_7345028	3242	0	0	0	14	9	13
k141_7345028	3243	0	0	0	14	9	13
k141_7345028	3244	0	0	0	14	9	13
k141_7345028	3245	0	0	0	14	9	13
k141_7345028	3246	0	0	0	14	11	13
k141_7345028	3247	0	0	0	14	12	13
k141_7345028	3248	0	0	0	14	12	13
k141_7345028	3249	0	0	0	14	12	13
k141_7345028	3250	0	0	0	14	12	13
k141_7345028	3251	0	0	0	14	12	13
k141_7345028	3252	0	0	0	13	12	13
k141_7345028	3253	0	0	0	13	11	13
k141_7345028	3254	0	0	0	13	11	13
k141_7345028	3255	0	0	0	13	11	13
k141_7345028	3256	0	0	0	13	11	11
k141_7345028	3257	0	0	0	13	11	11
k141_7345028	3258	0	0	0	13	11	11
k141_7345028	3259	0	0	0	13	11	11
k141_7345028	3260	0	0	0	13	11	11
k141_7345028	3261	0	0	0	13	11	11
k141_7345028	3262	0	0	0	13	11	11
k141_7345028	3263	0	0	0	13	11	11
k141_7345028	3264	0	0	0	13	11	10
k141_7345028	3265	0	0	0	13	11	10
k141_7345028	3266	0	0	0	13	11	10
k141_7345028	3267	0	0	0	13	10	10
k141_7345028	3268	0	0	0	13	10	10
k141_7345028	3269	0	0	0	13	10	10
k141_7345028	3270	0	0	0	13	10	10
k141_7345028	3271	0	0	0	13	10	10
k141_7345028	3272	0	0	0	13	10	10
k141_7345028	3273	0	0	0	13	10	10
k141_7345028	3274	0	0	0	13	10	11
k141_7345028	3275	0	0	0	13	10	11
k141_7345028	3276	0	0	0	13	10	11
k141_7345028	3277	0	0	0	13	10	11
k141_7345028	3278	0	0	0	13	10	11
k141_7345028	3279	0	0	0	13	10	10
k141_7345028	3280	0	0	0	13	10	10
k141_7345028	3281	0	0	0	13	10	10
k141_7345028	3282	0	0	0	13	10	10
k141_7345028	3283	0	0	0	14	10	10
k141_7345028	3284	0	0	0	14	10	10
k141_7345028	3285	0	0	0	14	10	10
k141_7345028	3286	0	0	0	14	11	10
k141_7345028	3287	0	0	0	14	11	10
k141_7345028	3288	0	0	0	14	11	10
k141_7345028	3289	0	0	0	12	11	9
k141_7345028	3290	0	0	0	12	11	9
k141_7345028	3291	0	0	0	11	13	9
k141_7345028	3292	0	0	0	11	13	9
k141_7345028	3293	0	0	0	11	13	9
k141_7345028	3294	0	0	0	11	13	8
k141_7345028	3295	0	0	0	11	13	8
k141_7345028	3296	0	0	0	12	17	7
k141_7345028	3297	0	0	0	11	17	7
k141_7345028	3298	0	0	0	11	17	6
k141_7345028	3299	0	0	0	11	17	6
k141_7345028	3300	0	0	0	11	17	7
k141_7345028	3301	0	0	0	11	14	9
k141_7345028	3302	0	0	0	11	14	9
k141_7345028	3303	0	0	0	13	14	11
k141_7345028	3304	0	0	0	13	14	11
k141_7345028	3305	0	0	0	13	14	11
k141_7345028	3306	0	0	0	12	14	12
k141_7345028	3307	0	0	0	12	14	12
k141_7345028	3308	0	0	0	12	14	12
k141_7345028	3309	0	0	0	13	14	12
k141_7345028	3310	0	0	0	13	14	12
k141_7345028	3311	0	0	0	13	14	12
k141_7345028	3312	0	0	0	13	13	12
k141_7345028	3313	0	0	0	13	13	12
k141_7345028	3314	0	0	0	13	13	12
k141_7345028	3315	0	0	0	13	13	12
k141_7345028	3316	0	0	0	13	13	12
k141_7345028	3317	0	0	0	13	13	12
k141_7345028	3318	0	0	0	14	13	12
k141_7345028	3319	0	0	0	14	12	16
k141_7345028	3320	0	0	0	13	12	16
k141_7345028	3321	0	0	0	14	12	16
k141_7345028	3322	0	0	0	13	11	15
k141_7345028	3323	0	0	0	13	11	15
k141_7345028	3324	0	0	0	13	12	15
k141_7345028	3325	0	0	0	13	12	15
k141_7345028	3326	0	0	0	13	12	15
k141_7345028	3327	0	0	0	13	12	15
k141_7345028	3328	0	0	0	13	12	15
k141_7345028	3329	0	0	0	13	12	15
k141_7345028	3330	0	0	0	13	12	15
k141_7345028	3331	0	0	0	13	12	14
k141_7345028	3332	0	0	0	14	12	14
k141_7345028	3333	0	0	0	14	12	14
k141_7345028	3334	0	0	0	14	12	14
k141_7345028	3335	0	0	0	14	12	14
k141_7345028	3336	0	0	0	14	12	14
k141_7345028	3337	0	0	0	15	12	13
k141_7345028	3338	0	0	0	15	12	13
k141_7345028	3339	0	0	0	15	12	13
k141_7345028	3340	0	0	0	16	12	13
k141_7345028	3341	0	0	0	17	12	13
k141_7345028	3342	0	0	0	17	11	13
k141_7345028	3343	0	0	0	17	11	13
k141_7345028	3344	0	0	0	17	11	13
k141_7345028	3345	0	0	0	17	11	13
k141_7345028	3346	0	0	0	17	11	13
k141_7345028	3347	0	0	0	18	11	13
k141_7345028	3348	0	0	0	19	11	13
k141_7345028	3349	0	0	0	21	11	13
k141_7345028	3350	0	0	0	21	13	13
k141_7345028	3351	0	0	0	21	13	13
k141_7345028	3352	0	0	0	21	14	13
k141_7345028	3353	0	0	0	21	14	12
k141_7345028	3354	0	0	0	21	14	12
k141_7345028	3355	0	0	0	20	14	12
k141_7345028	3356	0	0	0	20	14	12
k141_7345028	3357	0	0	0	20	14	12
k141_7345028	3358	0	0	0	20	14	12
k141_7345028	3359	0	0	0	20	14	13
k141_7345028	3360	0	0	0	19	14	13
k141_7345028	3361	0	0	0	19	14	13
k141_7345028	3362	0	0	0	19	14	13
k141_7345028	3363	0	0	0	20	14	13
k141_7345028	3364	0	0	0	20	14	13
k141_7345028	3365	0	0	0	19	14	13
k141_7345028	3366	0	0	0	19	14	13
k141_7345028	3367	0	0	0	19	14	16
k141_7345028	3368	0	0	0	19	14	16
k141_7345028	3369	0	0	0	21	14	16
k141_7345028	3370	0	0	0	21	14	16
k141_7345028	3371	0	0	0	21	14	16
k141_7345028	3372	0	0	0	21	14	16
k141_7345028	3373	0	0	0	21	14	16
k141_7345028	3374	0	0	0	22	15	16
k141_7345028	3375	0	0	0	22	15	16
k141_7345028	3376	0	0	0	22	15	16
k141_7345028	3377	0	0	0	22	15	16
k141_7345028	3378	0	0	0	22	15	15
k141_7345028	3379	0	0	0	23	15	15
k141_7345028	3380	0	0	0	23	15	15
k141_7345028	3381	0	0	0	23	15	15
k141_7345028	3382	0	0	0	23	15	15
k141_7345028	3383	0	0	0	23	15	15
k141_7345028	3384	0	0	0	25	17	15
k141_7345028	3385	0	0	0	25	17	15
k141_7345028	3386	0	0	0	25	17	15
k141_7345028	3387	0	0	0	25	17	15
k141_7345028	3388	0	0	0	24	15	15
k141_7345028	3389	0	0	0	23	14	15
k141_7345028	3390	0	0	0	23	14	15
k141_7345028	3391	0	0	0	23	14	15
k141_7345028	3392	0	0	0	23	14	15
k141_7345028	3393	0	0	0	23	14	15
k141_7345028	3394	0	0	0	23	14	15
k141_7345028	3395	0	0	0	23	14	16
k141_7345028	3396	0	0	0	23	15	16
k141_7345028	3397	0	0	0	23	15	16
k141_7345028	3398	0	0	0	23	15	16
k141_7345028	3399	0	0	0	23	15	16
k141_7345028	3400	0	0	0	23	15	16
k141_7345028	3401	0	0	0	23	15	16
k141_7345028	3402	0	0	0	23	15	16
k141_7345028	3403	0	0	0	23	15	16
k141_7345028	3404	0	0	0	23	15	16
k141_7345028	3405	0	0	0	23	15	16
k141_7345028	3406	0	0	0	23	15	16
k141_7345028	3407	0	0	0	23	15	16
k141_7345028	3408	0	0	0	23	15	16
k141_7345028	3409	0	0	0	23	15	16
k141_7345028	3410	0	0	0	24	15	16
k141_7345028	3411	0	0	0	24	15	16
k141_7345028	3412	0	0	0	24	15	16
k141_7345028	3413	0	0	0	24	15	16
k141_7345028	3414	0	0	0	24	15	16
k141_7345028	3415	0	0	0	24	15	16
k141_7345028	3416	0	0	0	24	15	15
k141_7345028	3417	0	0	0	24	15	15
k141_7345028	3418	0	0	0	24	15	15
k141_7345028	3419	0	0	0	24	15	15
k141_7345028	3420	0	0	0	24	15	15
k141_7345028	3421	0	0	0	24	15	16
k141_7345028	3422	0	0	0	24	15	16
k141_7345028	3423	0	0	0	24	15	16
k141_7345028	3424	0	0	0	24	15	16
k141_7345028	3425	0	0	0	23	15	16
k141_7345028	3426	0	0	0	23	15	16
k141_7345028	3427	0	0	0	23	15	16
k141_7345028	3428	0	0	0	23	14	16
k141_7345028	3429	0	0	0	23	14	16
k141_7345028	3430	0	0	0	23	14	16
k141_7345028	3431	0	0	0	23	14	16
k141_7345028	3432	0	0	0	23	14	16
k141_7345028	3433	0	0	0	23	12	16
k141_7345028	3434	0	0	0	23	12	16
k141_7345028	3435	0	0	0	23	12	16
k141_7345028	3436	0	0	0	23	12	16
k141_7345028	3437	0	0	0	23	12	16
k141_7345028	3438	0	0	0	22	8	15
k141_7345028	3439	0	0	0	22	8	15
k141_7345028	3440	0	0	0	22	8	15
k141_7345028	3441	0	0	0	22	8	15
k141_7345028	3442	0	0	0	23	8	14
k141_7345028	3443	0	0	0	23	8	12
k141_7345028	3444	0	0	0	23	8	12
k141_7345028	3445	0	0	0	21	8	10
k141_7345028	3446	0	0	0	21	8	9
k141_7345028	3447	0	0	0	21	8	9
k141_7345028	3448	0	0	0	21	8	8
k141_7345028	3449	0	0	0	21	8	8
k141_7345028	3450	0	0	0	23	8	8
k141_7345028	3451	0	0	0	21	8	8
k141_7345028	3452	0	0	0	21	8	9
k141_7345028	3453	0	0	0	21	8	9
k141_7345028	3454	0	0	0	21	8	9
k141_7345028	3455	0	0	0	21	8	9
k141_7345028	3456	0	0	0	21	8	9
k141_7345028	3457	0	0	0	21	8	9
k141_7345028	3458	0	0	0	21	8	9
k141_7345028	3459	0	0	0	20	8	9
k141_7345028	3460	0	0	0	20	8	9
k141_7345028	3461	0	0	0	20	8	5
k141_7345028	3462	0	0	0	20	8	5
k141_7345028	3463	0	0	0	20	8	5
k141_7345028	3464	0	0	0	20	8	5
k141_7345028	3465	0	0	0	20	8	5
k141_7345028	3466	0	0	0	20	7	5
k141_7345028	3467	0	0	0	20	7	5
k141_7345028	3468	0	0	0	21	8	5
k141_7345028	3469	0	0	0	23	8	5
k141_7345028	3470	0	0	0	23	8	5
k141_7345028	3471	0	0	0	23	8	5
k141_7345028	3472	0	0	0	21	8	5
k141_7345028	3473	0	0	0	20	8	5
k141_7345028	3474	0	0	0	20	8	5
k141_7345028	3475	0	0	0	20	8	5
k141_7345028	3476	0	0	0	20	8	5
k141_7345028	3477	0	0	0	20	8	5
k141_7345028	3478	0	0	0	20	8	5
k141_7345028	3479	0	0	0	19	8	5
k141_7345028	3480	0	0	0	18	8	5
k141_7345028	3481	0	0	0	18	8	5
k141_7345028	3482	0	0	0	17	8	5
k141_7345028	3483	0	0	0	17	8	5
k141_7345028	3484	0	0	0	17	8	5
k141_7345028	3485	0	0	0	17	8	5
k141_7345028	3486	0	0	0	17	8	5
k141_7345028	3487	0	0	0	17	8	5
k141_7345028	3488	0	0	0	17	8	5
k141_7345028	3489	0	0	0	16	8	5
k141_7345028	3490	0	0	0	15	8	5
k141_7345028	3491	0	0	0	14	8	5
k141_7345028	3492	0	0	0	14	6	5
k141_7345028	3493	0	0	0	14	6	5
k141_7345028	3494	0	0	0	14	5	5
k141_7345028	3495	0	0	0	14	5	5
k141_7345028	3496	0	0	0	14	5	5
k141_7345028	3497	0	0	0	14	5	5
k141_7345028	3498	0	0	0	14	5	5
k141_7345028	3499	0	0	0	14	5	5
k141_7345028	3500	0	0	0	14	5	5
k141_7345028	3501	0	0	0	14	5	5
k141_7345028	3502	0	0	0	14	5	5
k141_7345028	3503	0	0	0	14	5	5
k141_7345028	3504	0	0	0	14	5	5
k141_7345028	3505	0	0	0	13	5	5
k141_7345028	3506	0	0	0	13	5	5
k141_7345028	3507	0	0	0	13	5	5
k141_7345028	3508	0	0	0	13	5	5
k141_7345028	3509	0	0	0	13	5	3
k141_7345028	3510	0	0	0	13	5	3
k141_7345028	3511	0	0	0	13	5	3
k141_7345028	3512	0	0	0	13	6	3
k141_7345028	3513	0	0	0	13	6	3
k141_7345028	3514	0	0	0	13	6	3
k141_7345028	3515	0	0	0	12	6	3
k141_7345028	3516	0	0	0	11	5	3
k141_7345028	3517	0	0	0	11	5	3
k141_7345028	3518	0	0	0	11	5	3
k141_7345028	3519	0	0	0	11	5	3
k141_7345028	3520	0	0	0	11	5	3
k141_7345028	3521	0	0	0	10	5	3
k141_7345028	3522	0	0	0	10	5	3
k141_7345028	3523	0	0	0	10	5	3
k141_7345028	3524	0	0	0	10	5	3
k141_7345028	3525	0	0	0	10	5	3
k141_7345028	3526	0	0	0	8	4	3
k141_7345028	3527	0	0	0	9	4	3
k141_7345028	3528	0	0	0	9	4	3
k141_7345028	3529	0	0	0	9	4	3
k141_7345028	3530	0	0	0	9	4	3
k141_7345028	3531	0	0	0	8	5	3
k141_7345028	3532	0	0	0	8	5	3
k141_7345028	3533	0	0	0	10	5	4
k141_7345028	3534	0	0	0	10	5	4
k141_7345028	3535	0	0	0	10	7	4
k141_7345028	3536	0	0	0	10	7	4
k141_7345028	3537	0	0	0	10	7	4
k141_7345028	3538	0	0	0	10	6	4
k141_7345028	3539	0	0	0	10	7	4
k141_7345028	3540	0	0	0	10	7	4
k141_7345028	3541	0	0	0	10	7	4
k141_7345028	3542	0	0	0	10	7	4
k141_7345028	3543	0	0	0	10	7	4
k141_7345028	3544	0	0	0	10	7	4
k141_7345028	3545	0	0	0	11	9	4
k141_7345028	3546	0	0	0	11	9	4
k141_7345028	3547	0	0	0	11	9	5
k141_7345028	3548	0	0	0	11	9	5
k141_7345028	3549	0	0	0	11	9	5
k141_7345028	3550	0	0	0	11	9	5
k141_7345028	3551	0	0	0	13	10	7
k141_7345028	3552	0	0	0	11	10	7
k141_7345028	3553	0	0	0	12	12	8
k141_7345028	3554	0	0	0	12	12	8
k141_7345028	3555	0	0	0	12	12	8
k141_7345028	3556	0	0	0	12	13	8
k141_7345028	3557	0	0	0	12	13	8
k141_7345028	3558	0	0	0	12	14	8
k141_7345028	3559	0	0	0	13	14	8
k141_7345028	3560	0	0	0	12	15	9
k141_7345028	3561	0	0	0	12	15	9
k141_7345028	3562	0	0	0	12	15	9
k141_7345028	3563	0	0	0	12	15	8
k141_7345028	3564	0	0	0	12	15	8
k141_7345028	3565	0	0	0	12	15	8
k141_7345028	3566	0	0	0	12	15	8
k141_7345028	3567	0	0	0	12	15	8
k141_7345028	3568	0	0	0	12	15	8
k141_7345028	3569	0	0	0	12	15	8
k141_7345028	3570	0	0	0	12	15	8
k141_7345028	3571	0	0	0	12	16	8
k141_7345028	3572	0	0	0	12	16	8
k141_7345028	3573	0	0	0	12	16	8
k141_7345028	3574	0	0	0	12	16	8
k141_7345028	3575	0	0	0	12	16	8
k141_7345028	3576	0	0	0	12	16	8
k141_7345028	3577	0	0	0	12	16	8
k141_7345028	3578	0	0	0	12	16	8
k141_7345028	3579	0	0	0	12	17	8
k141_7345028	3580	0	0	0	12	17	8
k141_7345028	3581	0	0	0	12	17	8
k141_7345028	3582	0	0	0	12	17	8
k141_7345028	3583	0	0	0	12	17	8
k141_7345028	3584	0	0	0	12	17	8
k141_7345028	3585	0	0	0	12	17	8
k141_7345028	3586	0	0	0	12	17	8
k141_7345028	3587	0	0	0	12	17	8
k141_7345028	3588	0	0	0	12	17	8
k141_7345028	3589	0	0	0	13	17	8
k141_7345028	3590	0	0	0	13	17	8
k141_7345028	3591	0	0	0	13	17	8
k141_7345028	3592	0	0	0	12	17	8
k141_7345028	3593	0	0	0	12	17	8
k141_7345028	3594	0	0	0	12	17	7
k141_7345028	3595	0	0	0	12	17	7
k141_7345028	3596	0	0	0	12	17	7
k141_7345028	3597	0	0	0	12	17	7
k141_7345028	3598	0	0	0	12	17	7
k141_7345028	3599	0	0	0	12	17	7
k141_7345028	3600	0	0	0	12	17	7
k141_7345028	3601	0	0	0	14	17	7
k141_7345028	3602	0	0	0	14	17	7
k141_7345028	3603	0	0	0	15	17	7
k141_7345028	3604	0	0	0	15	17	7
k141_7345028	3605	0	0	0	15	17	7
k141_7345028	3606	0	0	0	15	17	7
k141_7345028	3607	0	0	0	15	17	7
k141_7345028	3608	0	0	0	16	17	7
k141_7345028	3609	0	0	0	16	17	7
k141_7345028	3610	0	0	0	15	16	7
k141_7345028	3611	0	0	0	13	16	7
k141_7345028	3612	0	0	0	13	16	7
k141_7345028	3613	0	0	0	14	16	7
k141_7345028	3614	0	0	0	14	16	7
k141_7345028	3615	0	0	0	14	16	7
k141_7345028	3616	0	0	0	14	16	7
k141_7345028	3617	0	0	0	14	16	7
k141_7345028	3618	0	0	0	14	16	7
k141_7345028	3619	0	0	0	14	17	7
k141_7345028	3620	0	0	0	14	17	7
k141_7345028	3621	0	0	0	14	17	8
k141_7345028	3622	0	0	0	14	17	8
k141_7345028	3623	0	0	0	14	17	8
k141_7345028	3624	0	0	0	14	17	8
k141_7345028	3625	0	0	0	14	17	9
k141_7345028	3626	0	0	0	14	17	9
k141_7345028	3627	0	0	0	14	17	9
k141_7345028	3628	0	0	0	14	17	9
k141_7345028	3629	0	0	0	14	17	9
k141_7345028	3630	0	0	0	14	17	9
k141_7345028	3631	0	0	0	14	17	9
k141_7345028	3632	0	0	0	14	17	9
k141_7345028	3633	0	0	0	14	17	9
k141_7345028	3634	0	0	0	14	17	9
k141_7345028	3635	0	0	0	14	17	9
k141_7345028	3636	0	0	0	14	17	9
k141_7345028	3637	0	0	0	14	17	9
k141_7345028	3638	0	0	0	14	17	9
k141_7345028	3639	0	0	0	14	17	9
k141_7345028	3640	0	0	0	14	17	9
k141_7345028	3641	0	0	0	14	17	9
k141_7345028	3642	0	0	0	14	17	9
k141_7345028	3643	0	0	0	14	17	9
k141_7345028	3644	0	0	0	14	17	9
k141_7345028	3645	0	0	0	14	17	9
k141_7345028	3646	0	0	0	14	17	9
k141_7345028	3647	0	0	0	14	17	9
k141_7345028	3648	0	0	0	14	17	9
k141_7345028	3649	0	0	0	14	17	9
k141_7345028	3650	0	0	0	14	17	9
k141_7345028	3651	0	0	0	14	17	9
k141_7345028	3652	0	0	0	14	17	9
k141_7345028	3653	0	0	0	14	17	9
k141_7345028	3654	0	0	0	14	16	9
k141_7345028	3655	0	0	0	14	16	9
k141_7345028	3656	0	0	0	14	16	10
k141_7345028	3657	0	0	0	14	16	10
k141_7345028	3658	0	0	0	14	16	10
k141_7345028	3659	0	0	0	14	15	10
k141_7345028	3660	0	0	0	14	15	10
k141_7345028	3661	0	0	0	14	15	10
k141_7345028	3662	0	0	0	14	16	10
k141_7345028	3663	0	0	0	14	16	10
k141_7345028	3664	0	0	0	14	16	10
k141_7345028	3665	0	0	0	14	16	10
k141_7345028	3666	0	0	0	14	16	10
k141_7345028	3667	0	0	0	14	15	10
k141_7345028	3668	0	0	0	14	14	10
k141_7345028	3669	0	0	0	13	14	10
k141_7345028	3670	0	0	0	13	14	10
k141_7345028	3671	0	0	0	13	14	10
k141_7345028	3672	0	0	0	14	14	10
k141_7345028	3673	0	0	0	14	14	10
k141_7345028	3674	0	0	0	14	14	10
k141_7345028	3675	0	0	0	12	14	9
k141_7345028	3676	0	0	0	12	14	9
k141_7345028	3677	0	0	0	12	13	9
k141_7345028	3678	0	0	0	12	13	9
k141_7345028	3679	0	0	0	12	13	8
k141_7345028	3680	0	0	0	12	13	8
k141_7345028	3681	0	0	0	12	13	8
k141_7345028	3682	0	0	0	12	13	8
k141_7345028	3683	0	0	0	12	13	8
k141_7345028	3684	0	0	0	12	13	8
k141_7345028	3685	0	0	0	12	13	8
k141_7345028	3686	0	0	0	12	13	9
k141_7345028	3687	0	0	0	11	11	9
k141_7345028	3688	0	0	0	11	11	9
k141_7345028	3689	0	0	0	11	11	8
k141_7345028	3690	0	0	0	11	11	8
k141_7345028	3691	0	0	0	11	12	8
k141_7345028	3692	0	0	0	11	13	9
k141_7345028	3693	0	0	0	9	12	7
k141_7345028	3694	0	0	0	9	12	7
k141_7345028	3695	0	0	0	8	10	6
k141_7345028	3696	0	0	0	10	10	6
k141_7345028	3697	0	0	0	10	9	6
k141_7345028	3698	0	0	0	10	9	6
k141_7345028	3699	0	0	0	10	9	7
k141_7345028	3700	0	0	0	10	8	7
k141_7345028	3701	0	0	0	9	8	7
k141_7345028	3702	0	0	0	9	7	6
k141_7345028	3703	0	0	0	9	7	6
k141_7345028	3704	0	0	0	9	10	6
k141_7345028	3705	0	0	0	9	10	6
k141_7345028	3706	0	0	0	9	10	6
k141_7345028	3707	0	0	0	9	9	7
k141_7345028	3708	0	0	0	9	9	7
k141_7345028	3709	0	0	0	9	9	7
k141_7345028	3710	0	0	0	9	9	7
k141_7345028	3711	0	0	0	9	9	7
k141_7345028	3712	0	0	0	9	9	7
k141_7345028	3713	0	0	0	9	9	7
k141_7345028	3714	0	0	0	9	9	8
k141_7345028	3715	0	0	0	9	8	8
k141_7345028	3716	0	0	0	9	8	8
k141_7345028	3717	0	0	0	9	8	8
k141_7345028	3718	0	0	0	9	8	8
k141_7345028	3719	0	0	0	9	8	8
k141_7345028	3720	0	0	0	9	8	8
k141_7345028	3721	0	0	0	9	8	8
k141_7345028	3722	0	0	0	9	9	8
k141_7345028	3723	0	0	0	9	9	8
k141_7345028	3724	0	0	0	9	9	8
k141_7345028	3725	0	0	0	9	9	8
k141_7345028	3726	0	0	0	9	9	8
k141_7345028	3727	0	0	0	9	9	8
k141_7345028	3728	0	0	0	9	9	8
k141_7345028	3729	0	0	0	9	9	8
k141_7345028	3730	0	0	0	9	9	8
k141_7345028	3731	0	0	0	8	10	8
k141_7345028	3732	0	0	0	8	10	8
k141_7345028	3733	0	0	0	8	12	8
k141_7345028	3734	0	0	0	8	12	8
k141_7345028	3735	0	0	0	8	12	8
k141_7345028	3736	0	0	0	8	12	8
k141_7345028	3737	0	0	0	8	12	8
k141_7345028	3738	0	0	0	8	12	8
k141_7345028	3739	0	0	0	8	12	8
k141_7345028	3740	0	0	0	8	12	8
k141_7345028	3741	0	0	0	8	12	8
k141_7345028	3742	0	0	0	8	12	8
k141_7345028	3743	0	0	0	6	12	8
k141_7345028	3744	0	0	0	6	15	8
k141_7345028	3745	0	0	0	6	15	8
k141_7345028	3746	0	0	0	6	15	8
k141_7345028	3747	0	0	0	6	16	8
k141_7345028	3748	0	0	0	6	16	8
k141_7345028	3749	0	0	0	7	17	8
k141_7345028	3750	0	0	0	8	18	10
k141_7345028	3751	0	0	0	8	18	10
k141_7345028	3752	0	0	0	9	18	10
k141_7345028	3753	0	0	0	9	18	10
k141_7345028	3754	0	0	0	9	19	10
k141_7345028	3755	0	0	0	8	19	10
k141_7345028	3756	0	0	0	8	19	9
k141_7345028	3757	0	0	0	8	19	9
k141_7345028	3758	0	0	0	8	19	9
k141_7345028	3759	0	0	0	10	20	11
k141_7345028	3760	0	0	0	10	20	11
k141_7345028	3761	0	0	0	10	19	11
k141_7345028	3762	0	0	0	10	19	11
k141_7345028	3763	0	0	0	10	19	11
k141_7345028	3764	0	0	0	10	19	11
k141_7345028	3765	0	0	0	10	19	11
k141_7345028	3766	0	0	0	10	19	11
k141_7345028	3767	0	0	0	10	19	11
k141_7345028	3768	0	0	0	10	19	11
k141_7345028	3769	0	0	0	10	19	11
k141_7345028	3770	0	0	0	10	19	11
k141_7345028	3771	0	0	0	11	19	11
k141_7345028	3772	0	0	0	11	19	11
k141_7345028	3773	0	0	0	11	19	11
k141_7345028	3774	0	0	0	11	19	11
k141_7345028	3775	0	0	0	11	19	11
k141_7345028	3776	0	0	0	11	19	11
k141_7345028	3777	0	0	0	11	19	11
k141_7345028	3778	0	0	0	11	19	11
k141_7345028	3779	0	0	0	11	19	11
k141_7345028	3780	0	0	0	11	19	11
k141_7345028	3781	0	0	0	11	19	11
k141_7345028	3782	0	0	0	11	19	12
k141_7345028	3783	0	0	0	11	19	12
k141_7345028	3784	0	0	0	11	19	12
k141_7345028	3785	0	0	0	11	19	12
k141_7345028	3786	0	0	0	11	19	12
k141_7345028	3787	0	0	0	11	19	12
k141_7345028	3788	0	0	0	11	19	12
k141_7345028	3789	0	0	0	11	19	12
k141_7345028	3790	0	0	0	11	19	12
k141_7345028	3791	0	0	0	11	19	12
k141_7345028	3792	0	0	0	11	19	12
k141_7345028	3793	0	0	0	11	19	12
k141_7345028	3794	0	0	0	11	19	12
k141_7345028	3795	0	0	0	11	19	12
k141_7345028	3796	0	0	0	11	19	12
k141_7345028	3797	0	0	0	11	19	12
k141_7345028	3798	0	0	0	12	19	11
k141_7345028	3799	0	0	0	12	19	11
k141_7345028	3800	0	0	0	12	19	11
k141_7345028	3801	0	0	0	12	19	11
k141_7345028	3802	0	0	0	12	19	11
k141_7345028	3803	0	0	0	13	19	11
k141_7345028	3804	0	0	0	13	18	11
k141_7345028	3805	0	0	0	13	18	11
k141_7345028	3806	0	0	0	14	18	11
k141_7345028	3807	0	0	0	14	18	11
k141_7345028	3808	0	0	0	14	18	11
k141_7345028	3809	0	0	0	14	18	11
k141_7345028	3810	0	0	0	14	18	11
k141_7345028	3811	0	0	0	14	18	12
k141_7345028	3812	0	0	0	14	18	12
k141_7345028	3813	0	0	0	14	18	12
k141_7345028	3814	0	0	0	13	18	12
k141_7345028	3815	0	0	0	13	18	12
k141_7345028	3816	0	0	0	13	18	12
k141_7345028	3817	0	0	0	13	18	12
k141_7345028	3818	0	0	1	13	18	12
k141_7345028	3819	0	0	1	13	17	12
k141_7345028	3820	0	0	1	13	17	12
k141_7345028	3821	0	0	1	13	17	12
k141_7345028	3822	0	0	1	13	17	12
k141_7345028	3823	0	0	1	13	17	12
k141_7345028	3824	0	0	1	13	17	12
k141_7345028	3825	0	0	1	13	17	12
k141_7345028	3826	0	0	1	13	17	12
k141_7345028	3827	0	0	1	13	17	12
k141_7345028	3828	0	0	1	13	17	11
k141_7345028	3829	0	0	1	13	17	11
k141_7345028	3830	0	0	1	13	17	11
k141_7345028	3831	0	0	1	13	17	11
k141_7345028	3832	0	0	1	13	17	11
k141_7345028	3833	0	0	1	13	16	10
k141_7345028	3834	0	0	1	13	15	9
k141_7345028	3835	0	0	1	13	15	10
k141_7345028	3836	0	0	1	13	15	10
k141_7345028	3837	0	0	1	13	15	10
k141_7345028	3838	0	0	1	11	15	10
k141_7345028	3839	0	0	1	11	15	10
k141_7345028	3840	0	0	1	11	15	10
k141_7345028	3841	0	0	1	11	15	9
k141_7345028	3842	0	0	1	11	15	9
k141_7345028	3843	0	0	1	11	15	9
k141_7345028	3844	0	0	1	11	15	9
k141_7345028	3845	0	0	1	11	15	9
k141_7345028	3846	0	0	1	11	12	9
k141_7345028	3847	0	0	1	11	12	9
k141_7345028	3848	0	0	1	11	12	9
k141_7345028	3849	0	0	1	11	12	9
k141_7345028	3850	0	0	1	11	12	9
k141_7345028	3851	0	0	1	11	12	9
k141_7345028	3852	0	0	0	11	12	9
k141_7345028	3853	0	0	0	11	12	9
k141_7345028	3854	0	0	1	11	12	9
k141_7345028	3855	0	0	1	11	12	9
k141_7345028	3856	0	0	1	11	12	8
k141_7345028	3857	0	0	1	11	12	8
k141_7345028	3858	0	0	1	11	12	8
k141_7345028	3859	0	0	1	11	12	8
k141_7345028	3860	0	0	1	13	12	8
k141_7345028	3861	0	0	1	13	12	8
k141_7345028	3862	0	0	1	13	12	8
k141_7345028	3863	0	0	1	13	12	8
k141_7345028	3864	0	0	1	13	11	8
k141_7345028	3865	0	0	1	13	11	8
k141_7345028	3866	0	0	1	13	11	8
k141_7345028	3867	0	0	1	13	11	8
k141_7345028	3868	0	0	1	13	11	8
k141_7345028	3869	0	0	1	13	11	8
k141_7345028	3870	0	0	1	13	11	8
k141_7345028	3871	0	0	1	13	11	8
k141_7345028	3872	0	0	1	13	11	8
k141_7345028	3873	0	0	1	13	10	8
k141_7345028	3874	0	0	1	13	10	9
k141_7345028	3875	0	0	1	13	8	9
k141_7345028	3876	0	0	1	13	8	9
k141_7345028	3877	0	0	1	13	8	9
k141_7345028	3878	0	0	1	13	8	9
k141_7345028	3879	0	0	1	13	8	9
k141_7345028	3880	0	0	1	13	8	9
k141_7345028	3881	0	0	1	13	8	9
k141_7345028	3882	0	0	1	11	8	10
k141_7345028	3883	0	0	1	11	8	10
k141_7345028	3884	0	0	1	11	8	10
k141_7345028	3885	0	0	1	13	8	10
k141_7345028	3886	0	0	1	13	5	10
k141_7345028	3887	0	0	1	12	5	10
k141_7345028	3888	0	0	1	12	6	11
k141_7345028	3889	0	0	1	12	5	11
k141_7345028	3890	0	0	1	12	5	11
k141_7345028	3891	0	0	1	11	4	11
k141_7345028	3892	0	0	1	9	3	9
k141_7345028	3893	0	0	1	9	3	9
k141_7345028	3894	0	0	1	8	3	9
k141_7345028	3895	0	0	1	8	3	9
k141_7345028	3896	0	0	1	8	2	9
k141_7345028	3897	0	0	0	8	2	9
k141_7345028	3898	0	0	0	8	5	14
k141_7345028	3899	0	0	0	8	5	14
k141_7345028	3900	0	0	0	8	7	14
k141_7345028	3901	0	0	0	5	7	12
k141_7345028	3902	0	0	0	5	7	12
k141_7345028	3903	0	0	0	7	8	12
k141_7345028	3904	0	0	0	8	8	12
k141_7345028	3905	0	0	0	8	8	12
k141_7345028	3906	0	0	0	9	9	14
k141_7345028	3907	0	0	0	9	9	14
k141_7345028	3908	0	0	0	10	9	14
k141_7345028	3909	0	0	0	10	10	14
k141_7345028	3910	0	0	0	10	10	14
k141_7345028	3911	0	0	0	10	10	14
k141_7345028	3912	0	0	0	10	10	14
k141_7345028	3913	0	0	0	9	10	14
k141_7345028	3914	0	0	0	9	10	14
k141_7345028	3915	0	0	0	9	10	14
k141_7345028	3916	0	0	0	9	10	14
k141_7345028	3917	0	0	0	9	10	15
k141_7345028	3918	0	0	0	9	10	15
k141_7345028	3919	0	0	0	9	10	15
k141_7345028	3920	0	0	0	10	10	15
k141_7345028	3921	0	0	0	12	10	16
k141_7345028	3922	0	0	0	12	10	17
k141_7345028	3923	0	0	0	12	10	17
k141_7345028	3924	0	0	0	12	10	17
k141_7345028	3925	0	0	0	12	10	17
k141_7345028	3926	0	0	0	12	10	17
k141_7345028	3927	0	0	0	12	10	17
k141_7345028	3928	0	0	0	12	10	17
k141_7345028	3929	0	0	0	12	10	17
k141_7345028	3930	0	0	0	12	10	18
k141_7345028	3931	0	0	0	12	10	18
k141_7345028	3932	0	0	0	12	11	19
k141_7345028	3933	0	0	0	12	11	19
k141_7345028	3934	0	0	0	12	11	19
k141_7345028	3935	0	0	0	12	11	19
k141_7345028	3936	0	0	0	12	11	19
k141_7345028	3937	0	0	0	12	11	19
k141_7345028	3938	0	0	0	12	11	19
k141_7345028	3939	0	0	0	12	11	19
k141_7345028	3940	0	0	0	12	11	19
k141_7345028	3941	0	0	0	12	11	19
k141_7345028	3942	0	0	0	12	11	19
k141_7345028	3943	0	0	0	12	11	19
k141_7345028	3944	0	0	0	12	11	19
k141_7345028	3945	0	0	0	11	11	19
k141_7345028	3946	0	0	0	11	13	19
k141_7345028	3947	0	0	0	11	13	19
k141_7345028	3948	0	0	0	11	13	19
k141_7345028	3949	0	0	0	11	13	19
k141_7345028	3950	0	0	0	13	13	19
k141_7345028	3951	0	0	0	13	13	19
k141_7345028	3952	0	0	0	13	13	19
k141_7345028	3953	0	0	0	13	13	18
k141_7345028	3954	0	0	0	13	13	18
k141_7345028	3955	0	0	0	13	13	18
k141_7345028	3956	0	0	0	13	13	18
k141_7345028	3957	0	0	0	13	13	18
k141_7345028	3958	0	0	0	13	13	18
k141_7345028	3959	0	0	0	13	13	18
k141_7345028	3960	0	0	0	13	13	18
k141_7345028	3961	0	0	0	13	13	18
k141_7345028	3962	0	0	0	13	13	18
k141_7345028	3963	0	0	0	13	13	18
k141_7345028	3964	0	0	0	13	13	18
k141_7345028	3965	0	0	0	13	13	18
k141_7345028	3966	0	0	0	13	13	18
k141_7345028	3967	0	0	0	13	13	18
k141_7345028	3968	0	0	0	13	12	18
k141_7345028	3969	0	0	0	11	12	18
k141_7345028	3970	0	0	0	0	0	0
k141_7345028	3971	0	0	0	0	0	0
k141_7345028	3972	0	0	0	0	0	0
k141_7345028	3973	0	0	0	0	0	0
k141_7345028	3974	0	0	0	0	0	0
k141_7345028	3975	0	0	0	0	0	0
k141_7345028	3976	0	0	0	0	0	0
k141_7345028	3977	0	0	0	0	0	0
k141_7345028	3978	0	0	0	0	0	0
k141_7345028	3979	0	0	0	0	0	0
k141_7345028	3980	0	0	0	0	0	0
k141_7345028	3981	0	0	0	0	0	0
k141_7345028	3982	0	0	0	0	0	0
k141_7345028	3983	0	0	0	0	0	0
k141_7345028	3984	0	0	0	0	0	0
k141_7345028	3985	0	0	0	0	0	0
k141_7345028	3986	0	0	0	0	0	0
k141_7345028	3987	0	0	0	0	0	0
k141_7345028	3988	0	0	0	0	0	0
k141_7345028	3989	0	0	0	0	0	0
k141_7345028	3990	0	0	0	0	0	0
k141_7345028	3991	0	0	0	0	0	0
k141_7345028	3992	0	0	0	0	0	0
k141_7345028	3993	0	0	0	0	0	0
k141_7345028	3994	0	0	0	0	0	0
k141_7345028	3995	0	0	0	0	0	0
k141_7345028	3996	0	0	0	0	0	0
k141_7345028	3997	0	0	0	0	0	0
k141_7345028	3998	0	0	0	0	0	0
k141_7345028	3999	0	0	0	0	0	0
k141_7345028	4000	0	0	0	0	0	0
k141_7345028	4001	0	0	0	0	0	0
k141_7345028	4002	0	0	0	0	0	0
k141_7345028	4003	0	0	0	0	0	0
k141_7345028	4004	0	0	0	0	0	0
k141_7345028	4005	0	0	0	0	0	0
k141_7345028	4006	0	0	0	0	0	0
k141_7345028	4007	0	0	0	0	0	0
k141_7345028	4008	0	0	0	0	0	0
k141_7345028	4009	0	0	0	0	0	0
k141_7345028	4010	0	0	0	0	0	0
k141_7345028	4011	0	0	0	0	0	0
k141_7345028	4012	0	0	0	0	0	0
k141_7345028	4013	0	0	0	0	0	0
k141_7345028	4014	0	0	0	0	0	0
k141_7345028	4015	0	0	0	0	0	0
k141_7345028	4016	0	0	0	0	0	0
k141_7345028	4017	0	0	0	0	0	0
k141_7345028	4018	0	0	0	0	0	0
k141_7345028	4019	0	0	0	0	0	0
k141_7345028	4020	0	0	0	0	0	0
k141_7345028	4021	0	0	0	0	0	0
k141_7345028	4022	0	0	0	0	0	0
k141_7345028	4023	0	0	0	0	0	0
k141_7345028	4024	0	0	0	0	0	0
k141_7345028	4025	0	0	0	0	0	0
k141_7345028	4026	0	0	0	0	0	0
k141_7345028	4027	0	0	0	0	0	0
k141_7345028	4028	0	0	0	0	0	0
k141_7345028	4029	0	0	0	0	0	0
k141_7345028	4030	0	0	0	0	0	0
k141_7345028	4031	0	0	0	0	0	0
k141_7345028	4032	0	0	0	0	0	0
k141_7345028	4033	0	0	0	0	0	0
k141_7345028	4034	0	0	0	0	0	0
k141_7345028	4035	0	0	0	0	0	0
k141_7345028	4036	0	0	0	0	0	0
k141_7345028	4037	0	0	0	0	0	0
k141_7345028	4038	0	0	0	0	0	0
k141_7345028	4039	0	0	0	0	0	0
k141_7345028	4040	0	0	0	0	0	0
k141_7345028	4041	0	0	0	0	0	0
k141_7345028	4042	0	0	0	0	0	0
k141_7345028	4043	0	0	0	0	0	0
k141_7345028	4044	0	0	0	0	0	0
